/*
Navicat MySQL Data Transfer

Source Server         : localhost_3306
Source Server Version : 50538
Source Host           : localhost:3306
Source Database       : ke1

Target Server Type    : MYSQL
Target Server Version : 50538
File Encoding         : 65001

Date: 2015-08-07 16:24:25
*/

SET FOREIGN_KEY_CHECKS=0;

-- ----------------------------
-- Table structure for `ke_action`
-- ----------------------------
DROP TABLE IF EXISTS `ke_action`;
CREATE TABLE `ke_action` (
  `id` int(11) unsigned NOT NULL AUTO_INCREMENT COMMENT '主键',
  `name` char(30) NOT NULL DEFAULT '' COMMENT '行为唯一标识',
  `title` char(80) NOT NULL DEFAULT '' COMMENT '行为说明',
  `remark` char(140) NOT NULL DEFAULT '' COMMENT '行为描述',
  `rule` text NOT NULL COMMENT '行为规则',
  `log` text NOT NULL COMMENT '日志规则',
  `type` tinyint(2) unsigned NOT NULL DEFAULT '1' COMMENT '类型',
  `status` tinyint(2) NOT NULL DEFAULT '0' COMMENT '状态',
  `update_time` int(11) unsigned NOT NULL DEFAULT '0' COMMENT '修改时间',
  PRIMARY KEY (`id`)
) ENGINE=MyISAM AUTO_INCREMENT=12 DEFAULT CHARSET=utf8 ROW_FORMAT=DYNAMIC COMMENT='系统行为表';

-- ----------------------------
-- Records of ke_action
-- ----------------------------
INSERT INTO `ke_action` VALUES ('1', 'user_login', '用户登录', '积分+10，每天一次', 'table:member|field:score|condition:uid={$self} AND status>-1|rule:score+10|cycle:24|max:1;', '[user|get_nickname]在[time|time_format]登录了后台', '1', '1', '1387181220');
INSERT INTO `ke_action` VALUES ('2', 'add_article', '发布文章', '积分+5，每天上限5次', 'table:member|field:score|condition:uid={$self}|rule:score+5|cycle:24|max:5', '', '2', '0', '1380173180');
INSERT INTO `ke_action` VALUES ('3', 'review', '评论', '评论积分+1，无限制', 'table:member|field:score|condition:uid={$self}|rule:score+1', '', '2', '1', '1383285646');
INSERT INTO `ke_action` VALUES ('4', 'add_document', '发表文档', '积分+10，每天上限5次', 'table:member|field:score|condition:uid={$self}|rule:score+10|cycle:24|max:5', '[user|get_nickname]在[time|time_format]发表了一篇文章。\r\n表[model]，记录编号[record]。', '2', '0', '1386139726');
INSERT INTO `ke_action` VALUES ('5', 'add_document_topic', '发表讨论', '积分+5，每天上限10次', 'table:member|field:score|condition:uid={$self}|rule:score+5|cycle:24|max:10', '', '2', '0', '1383285551');
INSERT INTO `ke_action` VALUES ('6', 'update_config', '更新配置', '新增或修改或删除配置', '', '', '1', '1', '1383294988');
INSERT INTO `ke_action` VALUES ('7', 'update_model', '更新模型', '新增或修改模型', '', '', '1', '1', '1383295057');
INSERT INTO `ke_action` VALUES ('8', 'update_attribute', '更新属性', '新增或更新或删除属性', '', '', '1', '1', '1383295963');
INSERT INTO `ke_action` VALUES ('9', 'update_channel', '更新导航', '新增或修改或删除导航', '', '', '1', '1', '1383296301');
INSERT INTO `ke_action` VALUES ('10', 'update_menu', '更新菜单', '新增或修改或删除菜单', '', '', '1', '1', '1383296392');
INSERT INTO `ke_action` VALUES ('11', 'update_category', '更新分类', '新增或修改或删除分类', '', '', '1', '1', '1383296765');

-- ----------------------------
-- Table structure for `ke_action_log`
-- ----------------------------
DROP TABLE IF EXISTS `ke_action_log`;
CREATE TABLE `ke_action_log` (
  `id` int(10) unsigned NOT NULL AUTO_INCREMENT COMMENT '主键',
  `action_id` int(10) unsigned NOT NULL DEFAULT '0' COMMENT '行为id',
  `user_id` int(10) unsigned NOT NULL DEFAULT '0' COMMENT '执行用户id',
  `action_ip` bigint(20) NOT NULL COMMENT '执行行为者ip',
  `model` varchar(50) NOT NULL DEFAULT '' COMMENT '触发行为的表',
  `record_id` int(10) unsigned NOT NULL DEFAULT '0' COMMENT '触发行为的数据id',
  `remark` varchar(255) NOT NULL DEFAULT '' COMMENT '日志备注',
  `status` tinyint(2) NOT NULL DEFAULT '1' COMMENT '状态',
  `create_time` int(10) unsigned NOT NULL DEFAULT '0' COMMENT '执行行为的时间',
  PRIMARY KEY (`id`),
  KEY `action_ip_ix` (`action_ip`),
  KEY `action_id_ix` (`action_id`),
  KEY `user_id_ix` (`user_id`)
) ENGINE=MyISAM AUTO_INCREMENT=51 DEFAULT CHARSET=utf8 ROW_FORMAT=FIXED COMMENT='行为日志表';

-- ----------------------------
-- Records of ke_action_log
-- ----------------------------
INSERT INTO `ke_action_log` VALUES ('41', '1', '1', '2130706433', 'member', '1', 'admin在2015-08-07 15:58登录了后台', '1', '1438934309');
INSERT INTO `ke_action_log` VALUES ('42', '10', '1', '2130706433', 'Menu', '139', '操作url：/ke1/index.php?s=/Admin/Menu/add.html', '1', '1438934379');
INSERT INTO `ke_action_log` VALUES ('43', '10', '1', '2130706433', 'Menu', '140', '操作url：/ke1/index.php?s=/Admin/Menu/add.html', '1', '1438934407');
INSERT INTO `ke_action_log` VALUES ('44', '6', '1', '2130706433', 'config', '48', '操作url：/ke1/index.php?s=/Admin/Config/edit.html', '1', '1438935079');
INSERT INTO `ke_action_log` VALUES ('45', '10', '1', '2130706433', 'Menu', '135', '操作url：/ke1/index.php?s=/Admin/Menu/edit.html', '1', '1438935238');
INSERT INTO `ke_action_log` VALUES ('46', '10', '1', '2130706433', 'Menu', '76', '操作url：/ke1/index.php?s=/Admin/Menu/edit.html', '1', '1438935585');
INSERT INTO `ke_action_log` VALUES ('47', '10', '1', '2130706433', 'Menu', '77', '操作url：/ke1/index.php?s=/Admin/Menu/edit.html', '1', '1438935772');
INSERT INTO `ke_action_log` VALUES ('48', '10', '1', '2130706433', 'Menu', '78', '操作url：/ke1/index.php?s=/Admin/Menu/edit.html', '1', '1438935784');
INSERT INTO `ke_action_log` VALUES ('49', '10', '1', '2130706433', 'Menu', '79', '操作url：/ke1/index.php?s=/Admin/Menu/edit.html', '1', '1438935793');
INSERT INTO `ke_action_log` VALUES ('50', '10', '1', '2130706433', 'Menu', '121', '操作url：/ke1/index.php?s=/Admin/Menu/edit.html', '1', '1438935802');

-- ----------------------------
-- Table structure for `ke_ad`
-- ----------------------------
DROP TABLE IF EXISTS `ke_ad`;
CREATE TABLE `ke_ad` (
  `aid` int(10) unsigned NOT NULL AUTO_INCREMENT,
  `title` varchar(20) NOT NULL DEFAULT '',
  `type` tinyint(1) NOT NULL DEFAULT '1',
  `blank` tinyint(1) NOT NULL DEFAULT '0',
  `url` varchar(150) NOT NULL DEFAULT '',
  `pic_url` varchar(250) NOT NULL DEFAULT '',
  `order` smallint(30) NOT NULL,
  `state` tinyint(1) NOT NULL DEFAULT '1',
  PRIMARY KEY (`aid`)
) ENGINE=MyISAM DEFAULT CHARSET=utf8;

-- ----------------------------
-- Records of ke_ad
-- ----------------------------

-- ----------------------------
-- Table structure for `ke_addons`
-- ----------------------------
DROP TABLE IF EXISTS `ke_addons`;
CREATE TABLE `ke_addons` (
  `id` int(10) unsigned NOT NULL AUTO_INCREMENT COMMENT '主键',
  `name` varchar(40) NOT NULL COMMENT '插件名或标识',
  `title` varchar(20) NOT NULL DEFAULT '' COMMENT '中文名',
  `description` text COMMENT '插件描述',
  `status` tinyint(1) NOT NULL DEFAULT '1' COMMENT '状态',
  `config` text COMMENT '配置',
  `author` varchar(40) DEFAULT '' COMMENT '作者',
  `version` varchar(20) DEFAULT '' COMMENT '版本号',
  `create_time` int(10) unsigned NOT NULL DEFAULT '0' COMMENT '安装时间',
  `has_adminlist` tinyint(1) unsigned NOT NULL DEFAULT '0' COMMENT '是否有后台列表',
  PRIMARY KEY (`id`)
) ENGINE=MyISAM AUTO_INCREMENT=17 DEFAULT CHARSET=utf8 COMMENT='插件表';

-- ----------------------------
-- Records of ke_addons
-- ----------------------------
INSERT INTO `ke_addons` VALUES ('15', 'EditorForAdmin', '后台编辑器', '用于增强整站长文本的输入和显示', '1', '{\"editor_type\":\"2\",\"editor_wysiwyg\":\"1\",\"editor_height\":\"500px\",\"editor_resize_type\":\"1\"}', 'thinkphp', '0.1', '1383126253', '0');
INSERT INTO `ke_addons` VALUES ('2', 'SiteStat', '站点统计信息', '统计站点的基础信息', '1', '{\"title\":\"\\u7cfb\\u7edf\\u4fe1\\u606f\",\"width\":\"1\",\"display\":\"1\",\"status\":\"0\"}', 'thinkphp', '0.1', '1379512015', '0');
INSERT INTO `ke_addons` VALUES ('3', 'DevTeam', '开发团队信息', '开发团队成员信息', '1', '{\"title\":\"ke\\u5f00\\u53d1\\u56e2\\u961f\",\"width\":\"2\",\"display\":\"1\"}', 'thinkphp', '0.1', '1379512022', '0');
INSERT INTO `ke_addons` VALUES ('4', 'SystemInfo', '系统环境信息', '用于显示一些服务器的信息', '1', '{\"title\":\"\\u7cfb\\u7edf\\u4fe1\\u606f\",\"width\":\"2\",\"display\":\"1\"}', 'thinkphp', '0.1', '1379512036', '0');
INSERT INTO `ke_addons` VALUES ('5', 'Editor', '前台编辑器', '用于增强整站长文本的输入和显示', '1', '{\"editor_type\":\"2\",\"editor_wysiwyg\":\"1\",\"editor_height\":\"300px\",\"editor_resize_type\":\"1\"}', 'thinkphp', '0.1', '1379830910', '0');
INSERT INTO `ke_addons` VALUES ('6', 'Attachment', '附件', '用于文档模型上传附件', '1', 'null', 'thinkphp', '0.1', '1379842319', '1');
INSERT INTO `ke_addons` VALUES ('9', 'SocialComment', '通用社交化评论', '集成了各种社交化评论插件，轻松集成到系统中。', '1', '{\"comment_type\":\"1\",\"comment_uid_youyan\":\"\",\"comment_short_name_duoshuo\":\"\",\"comment_data_list_duoshuo\":\"\"}', 'thinkphp', '0.1', '1380273962', '0');

-- ----------------------------
-- Table structure for `ke_article`
-- ----------------------------
DROP TABLE IF EXISTS `ke_article`;
CREATE TABLE `ke_article` (
  `id` int(10) unsigned NOT NULL AUTO_INCREMENT,
  `title` varchar(255) NOT NULL DEFAULT '' COMMENT '标题',
  `cate_id` mediumint(5) unsigned NOT NULL DEFAULT '0' COMMENT '分类',
  `status` tinyint(1) NOT NULL DEFAULT '-1',
  `keywords` varchar(255) NOT NULL DEFAULT '',
  `description` varchar(255) NOT NULL DEFAULT '',
  `add_time` int(10) unsigned NOT NULL DEFAULT '0' COMMENT '创建时间',
  `content` text NOT NULL COMMENT '内容',
  `sort` mediumint(5) unsigned NOT NULL COMMENT '排序',
  PRIMARY KEY (`id`)
) ENGINE=MyISAM AUTO_INCREMENT=2 DEFAULT CHARSET=utf8;

-- ----------------------------
-- Records of ke_article
-- ----------------------------

-- ----------------------------
-- Table structure for `ke_attachment`
-- ----------------------------
DROP TABLE IF EXISTS `ke_attachment`;
CREATE TABLE `ke_attachment` (
  `id` int(10) unsigned NOT NULL AUTO_INCREMENT,
  `uid` int(10) unsigned NOT NULL DEFAULT '0' COMMENT '用户ID',
  `title` char(30) NOT NULL DEFAULT '' COMMENT '附件显示名',
  `type` tinyint(3) unsigned NOT NULL DEFAULT '0' COMMENT '附件类型',
  `source` int(10) unsigned NOT NULL DEFAULT '0' COMMENT '资源ID',
  `record_id` int(10) unsigned NOT NULL DEFAULT '0' COMMENT '关联记录ID',
  `download` int(10) unsigned NOT NULL DEFAULT '0' COMMENT '下载次数',
  `size` bigint(20) unsigned NOT NULL DEFAULT '0' COMMENT '附件大小',
  `dir` int(12) unsigned NOT NULL DEFAULT '0' COMMENT '上级目录ID',
  `sort` int(8) unsigned NOT NULL DEFAULT '0' COMMENT '排序',
  `create_time` int(10) unsigned NOT NULL DEFAULT '0' COMMENT '创建时间',
  `update_time` int(11) unsigned NOT NULL DEFAULT '0' COMMENT '更新时间',
  `status` tinyint(1) NOT NULL DEFAULT '0' COMMENT '状态',
  PRIMARY KEY (`id`),
  KEY `idx_record_status` (`record_id`,`status`)
) ENGINE=MyISAM DEFAULT CHARSET=utf8 COMMENT='附件表';

-- ----------------------------
-- Records of ke_attachment
-- ----------------------------

-- ----------------------------
-- Table structure for `ke_attribute`
-- ----------------------------
DROP TABLE IF EXISTS `ke_attribute`;
CREATE TABLE `ke_attribute` (
  `id` int(10) unsigned NOT NULL AUTO_INCREMENT,
  `name` varchar(30) NOT NULL DEFAULT '' COMMENT '字段名',
  `title` varchar(100) NOT NULL DEFAULT '' COMMENT '字段注释',
  `field` varchar(100) NOT NULL DEFAULT '' COMMENT '字段定义',
  `type` varchar(20) NOT NULL DEFAULT '' COMMENT '数据类型',
  `value` varchar(100) NOT NULL DEFAULT '' COMMENT '字段默认值',
  `remark` varchar(100) NOT NULL DEFAULT '' COMMENT '备注',
  `is_show` tinyint(1) unsigned NOT NULL DEFAULT '1' COMMENT '是否显示',
  `extra` varchar(255) NOT NULL DEFAULT '' COMMENT '参数',
  `model_id` int(10) unsigned NOT NULL DEFAULT '0' COMMENT '模型id',
  `is_must` tinyint(1) unsigned NOT NULL DEFAULT '0' COMMENT '是否必填',
  `status` tinyint(2) NOT NULL DEFAULT '0' COMMENT '状态',
  `update_time` int(11) unsigned NOT NULL DEFAULT '0' COMMENT '更新时间',
  `create_time` int(11) unsigned NOT NULL DEFAULT '0' COMMENT '创建时间',
  `validate_rule` varchar(255) NOT NULL,
  `validate_time` tinyint(1) unsigned NOT NULL,
  `error_info` varchar(100) NOT NULL,
  `validate_type` varchar(25) NOT NULL,
  `auto_rule` varchar(100) NOT NULL,
  `auto_time` tinyint(1) unsigned NOT NULL,
  `auto_type` varchar(25) NOT NULL,
  PRIMARY KEY (`id`),
  KEY `model_id` (`model_id`)
) ENGINE=MyISAM AUTO_INCREMENT=33 DEFAULT CHARSET=utf8 COMMENT='模型属性表';

-- ----------------------------
-- Records of ke_attribute
-- ----------------------------
INSERT INTO `ke_attribute` VALUES ('1', 'uid', '用户ID', 'int(10) unsigned NOT NULL ', 'num', '0', '', '0', '', '1', '0', '1', '1384508362', '1383891233', '', '0', '', '', '', '0', '');
INSERT INTO `ke_attribute` VALUES ('2', 'name', '标识', 'char(40) NOT NULL ', 'string', '', '同一根节点下标识不重复', '1', '', '1', '0', '1', '1383894743', '1383891233', '', '0', '', '', '', '0', '');
INSERT INTO `ke_attribute` VALUES ('3', 'title', '标题', 'char(80) NOT NULL ', 'string', '', '文档标题', '1', '', '1', '0', '1', '1383894778', '1383891233', '', '0', '', '', '', '0', '');
INSERT INTO `ke_attribute` VALUES ('4', 'category_id', '所属分类', 'int(10) unsigned NOT NULL ', 'string', '', '', '0', '', '1', '0', '1', '1384508336', '1383891233', '', '0', '', '', '', '0', '');
INSERT INTO `ke_attribute` VALUES ('5', 'description', '描述', 'char(140) NOT NULL ', 'textarea', '', '', '1', '', '1', '0', '1', '1383894927', '1383891233', '', '0', '', '', '', '0', '');
INSERT INTO `ke_attribute` VALUES ('6', 'root', '根节点', 'int(10) unsigned NOT NULL ', 'num', '0', '该文档的顶级文档编号', '0', '', '1', '0', '1', '1384508323', '1383891233', '', '0', '', '', '', '0', '');
INSERT INTO `ke_attribute` VALUES ('7', 'pid', '所属ID', 'int(10) unsigned NOT NULL ', 'num', '0', '父文档编号', '0', '', '1', '0', '1', '1384508543', '1383891233', '', '0', '', '', '', '0', '');
INSERT INTO `ke_attribute` VALUES ('8', 'model_id', '内容模型ID', 'tinyint(3) unsigned NOT NULL ', 'num', '0', '该文档所对应的模型', '0', '', '1', '0', '1', '1384508350', '1383891233', '', '0', '', '', '', '0', '');
INSERT INTO `ke_attribute` VALUES ('9', 'type', '内容类型', 'tinyint(3) unsigned NOT NULL ', 'select', '2', '', '1', '1:目录\r\n2:主题\r\n3:段落', '1', '0', '1', '1384511157', '1383891233', '', '0', '', '', '', '0', '');
INSERT INTO `ke_attribute` VALUES ('10', 'position', '推荐位', 'smallint(5) unsigned NOT NULL ', 'checkbox', '0', '多个推荐则将其推荐值相加', '1', '1:列表推荐\r\n2:频道页推荐\r\n4:首页推荐', '1', '0', '1', '1383895640', '1383891233', '', '0', '', '', '', '0', '');
INSERT INTO `ke_attribute` VALUES ('11', 'link_id', '外链', 'int(10) unsigned NOT NULL ', 'num', '0', '0-非外链，大于0-外链ID,需要函数进行链接与编号的转换', '1', '', '1', '0', '1', '1383895757', '1383891233', '', '0', '', '', '', '0', '');
INSERT INTO `ke_attribute` VALUES ('12', 'cover_id', '封面', 'int(10) unsigned NOT NULL ', 'picture', '0', '0-无封面，大于0-封面图片ID，需要函数处理', '1', '', '1', '0', '1', '1384147827', '1383891233', '', '0', '', '', '', '0', '');
INSERT INTO `ke_attribute` VALUES ('13', 'display', '可见性', 'tinyint(3) unsigned NOT NULL ', 'radio', '1', '', '1', '0:不可见\r\n1:所有人可见', '1', '0', '1', '1386662271', '1383891233', '', '0', '', 'regex', '', '0', 'function');
INSERT INTO `ke_attribute` VALUES ('14', 'deadline', '截至时间', 'int(10) unsigned NOT NULL ', 'datetime', '0', '0-永久有效', '1', '', '1', '0', '1', '1387163248', '1383891233', '', '0', '', 'regex', '', '0', 'function');
INSERT INTO `ke_attribute` VALUES ('15', 'attach', '附件数量', 'tinyint(3) unsigned NOT NULL ', 'num', '0', '', '0', '', '1', '0', '1', '1387260355', '1383891233', '', '0', '', 'regex', '', '0', 'function');
INSERT INTO `ke_attribute` VALUES ('16', 'view', '浏览量', 'int(10) unsigned NOT NULL ', 'num', '0', '', '1', '', '1', '0', '1', '1383895835', '1383891233', '', '0', '', '', '', '0', '');
INSERT INTO `ke_attribute` VALUES ('17', 'comment', '评论数', 'int(10) unsigned NOT NULL ', 'num', '0', '', '1', '', '1', '0', '1', '1383895846', '1383891233', '', '0', '', '', '', '0', '');
INSERT INTO `ke_attribute` VALUES ('18', 'extend', '扩展统计字段', 'int(10) unsigned NOT NULL ', 'num', '0', '根据需求自行使用', '0', '', '1', '0', '1', '1384508264', '1383891233', '', '0', '', '', '', '0', '');
INSERT INTO `ke_attribute` VALUES ('19', 'level', '优先级', 'int(10) unsigned NOT NULL ', 'num', '0', '越高排序越靠前', '1', '', '1', '0', '1', '1383895894', '1383891233', '', '0', '', '', '', '0', '');
INSERT INTO `ke_attribute` VALUES ('20', 'create_time', '创建时间', 'int(10) unsigned NOT NULL ', 'datetime', '0', '', '1', '', '1', '0', '1', '1383895903', '1383891233', '', '0', '', '', '', '0', '');
INSERT INTO `ke_attribute` VALUES ('21', 'update_time', '更新时间', 'int(10) unsigned NOT NULL ', 'datetime', '0', '', '0', '', '1', '0', '1', '1384508277', '1383891233', '', '0', '', '', '', '0', '');
INSERT INTO `ke_attribute` VALUES ('22', 'status', '数据状态', 'tinyint(4) NOT NULL ', 'radio', '0', '', '0', '-1:删除\r\n0:禁用\r\n1:正常\r\n2:待审核\r\n3:草稿', '1', '0', '1', '1384508496', '1383891233', '', '0', '', '', '', '0', '');
INSERT INTO `ke_attribute` VALUES ('23', 'parse', '内容解析类型', 'tinyint(3) unsigned NOT NULL ', 'select', '0', '', '0', '0:html\r\n1:ubb\r\n2:markdown', '2', '0', '1', '1384511049', '1383891243', '', '0', '', '', '', '0', '');
INSERT INTO `ke_attribute` VALUES ('24', 'content', '文章内容', 'text NOT NULL ', 'editor', '', '', '1', '', '2', '0', '1', '1383896225', '1383891243', '', '0', '', '', '', '0', '');
INSERT INTO `ke_attribute` VALUES ('25', 'template', '详情页显示模板', 'varchar(100) NOT NULL ', 'string', '', '参照display方法参数的定义', '1', '', '2', '0', '1', '1383896190', '1383891243', '', '0', '', '', '', '0', '');
INSERT INTO `ke_attribute` VALUES ('26', 'bookmark', '收藏数', 'int(10) unsigned NOT NULL ', 'num', '0', '', '1', '', '2', '0', '1', '1383896103', '1383891243', '', '0', '', '', '', '0', '');
INSERT INTO `ke_attribute` VALUES ('27', 'parse', '内容解析类型', 'tinyint(3) unsigned NOT NULL ', 'select', '0', '', '0', '0:html\r\n1:ubb\r\n2:markdown', '3', '0', '1', '1387260461', '1383891252', '', '0', '', 'regex', '', '0', 'function');
INSERT INTO `ke_attribute` VALUES ('28', 'content', '下载详细描述', 'text NOT NULL ', 'editor', '', '', '1', '', '3', '0', '1', '1383896438', '1383891252', '', '0', '', '', '', '0', '');
INSERT INTO `ke_attribute` VALUES ('29', 'template', '详情页显示模板', 'varchar(100) NOT NULL ', 'string', '', '', '1', '', '3', '0', '1', '1383896429', '1383891252', '', '0', '', '', '', '0', '');
INSERT INTO `ke_attribute` VALUES ('30', 'file_id', '文件ID', 'int(10) unsigned NOT NULL ', 'file', '0', '需要函数处理', '1', '', '3', '0', '1', '1383896415', '1383891252', '', '0', '', '', '', '0', '');
INSERT INTO `ke_attribute` VALUES ('31', 'download', '下载次数', 'int(10) unsigned NOT NULL ', 'num', '0', '', '1', '', '3', '0', '1', '1383896380', '1383891252', '', '0', '', '', '', '0', '');
INSERT INTO `ke_attribute` VALUES ('32', 'size', '文件大小', 'bigint(20) unsigned NOT NULL ', 'num', '0', '单位bit', '1', '', '3', '0', '1', '1383896371', '1383891252', '', '0', '', '', '', '0', '');

-- ----------------------------
-- Table structure for `ke_auth_extend`
-- ----------------------------
DROP TABLE IF EXISTS `ke_auth_extend`;
CREATE TABLE `ke_auth_extend` (
  `group_id` mediumint(10) unsigned NOT NULL COMMENT '用户id',
  `extend_id` mediumint(8) unsigned NOT NULL COMMENT '扩展表中数据的id',
  `type` tinyint(1) unsigned NOT NULL COMMENT '扩展类型标识 1:栏目分类权限;2:模型权限',
  UNIQUE KEY `group_extend_type` (`group_id`,`extend_id`,`type`),
  KEY `uid` (`group_id`),
  KEY `group_id` (`extend_id`)
) ENGINE=MyISAM DEFAULT CHARSET=utf8 COMMENT='用户组与分类的对应关系表';

-- ----------------------------
-- Records of ke_auth_extend
-- ----------------------------
INSERT INTO `ke_auth_extend` VALUES ('1', '1', '1');
INSERT INTO `ke_auth_extend` VALUES ('1', '1', '2');
INSERT INTO `ke_auth_extend` VALUES ('1', '2', '1');
INSERT INTO `ke_auth_extend` VALUES ('1', '2', '2');
INSERT INTO `ke_auth_extend` VALUES ('1', '3', '1');
INSERT INTO `ke_auth_extend` VALUES ('1', '3', '2');
INSERT INTO `ke_auth_extend` VALUES ('1', '4', '1');
INSERT INTO `ke_auth_extend` VALUES ('1', '37', '1');

-- ----------------------------
-- Table structure for `ke_auth_group`
-- ----------------------------
DROP TABLE IF EXISTS `ke_auth_group`;
CREATE TABLE `ke_auth_group` (
  `id` mediumint(8) unsigned NOT NULL AUTO_INCREMENT COMMENT '用户组id,自增主键',
  `module` varchar(20) NOT NULL COMMENT '用户组所属模块',
  `type` tinyint(4) NOT NULL COMMENT '组类型',
  `title` char(20) NOT NULL DEFAULT '' COMMENT '用户组中文名称',
  `description` varchar(80) NOT NULL DEFAULT '' COMMENT '描述信息',
  `status` tinyint(1) NOT NULL DEFAULT '1' COMMENT '用户组状态：为1正常，为0禁用,-1为删除',
  `rules` varchar(500) NOT NULL DEFAULT '' COMMENT '用户组拥有的规则id，多个规则 , 隔开',
  PRIMARY KEY (`id`)
) ENGINE=MyISAM AUTO_INCREMENT=3 DEFAULT CHARSET=utf8;

-- ----------------------------
-- Records of ke_auth_group
-- ----------------------------
INSERT INTO `ke_auth_group` VALUES ('1', 'admin', '1', '默认用户组', '', '1', '1,2,7,8,9,10,11,12,13,14,15,16,17,18,19,20,21,22,23,24,25,26,27,28,29,30,31,32,33,34,35,36,37,38,39,40,41,42,43,44,45,46,47,48,49,50,51,52,53,54,55,56,57,58,59,60,61,62,63,64,65,66,67,68,69,70,71,72,73,74,79,80,81,82,83,84,86,87,88,89,90,91,92,93,94,95,96,97,100,102,103,105,106');
INSERT INTO `ke_auth_group` VALUES ('2', 'admin', '1', '测试用户', '测试用户', '1', '1,2,5,7,8,9,10,11,12,13,14,15,16,17,18,19,20,21,22,23,24,25,26,27,56,57,58,59,60,61,62,63,64,65,66,67,68,69,70,71,72,73,74,79,80,82,83,84,88,89,90,91,92,93,96,97,100,102,103,195');

-- ----------------------------
-- Table structure for `ke_auth_group_access`
-- ----------------------------
DROP TABLE IF EXISTS `ke_auth_group_access`;
CREATE TABLE `ke_auth_group_access` (
  `uid` int(10) unsigned NOT NULL COMMENT '用户id',
  `group_id` mediumint(8) unsigned NOT NULL COMMENT '用户组id',
  UNIQUE KEY `uid_group_id` (`uid`,`group_id`),
  KEY `uid` (`uid`),
  KEY `group_id` (`group_id`)
) ENGINE=MyISAM DEFAULT CHARSET=utf8;

-- ----------------------------
-- Records of ke_auth_group_access
-- ----------------------------

-- ----------------------------
-- Table structure for `ke_auth_rule`
-- ----------------------------
DROP TABLE IF EXISTS `ke_auth_rule`;
CREATE TABLE `ke_auth_rule` (
  `id` mediumint(8) unsigned NOT NULL AUTO_INCREMENT COMMENT '规则id,自增主键',
  `module` varchar(20) NOT NULL COMMENT '规则所属module',
  `type` tinyint(2) NOT NULL DEFAULT '1' COMMENT '1-url;2-主菜单',
  `name` char(80) NOT NULL DEFAULT '' COMMENT '规则唯一英文标识',
  `title` char(20) NOT NULL DEFAULT '' COMMENT '规则中文描述',
  `status` tinyint(1) NOT NULL DEFAULT '1' COMMENT '是否有效(0:无效,1:有效)',
  `condition` varchar(300) NOT NULL DEFAULT '' COMMENT '规则附加条件',
  PRIMARY KEY (`id`),
  KEY `module` (`module`,`status`,`type`)
) ENGINE=MyISAM AUTO_INCREMENT=217 DEFAULT CHARSET=utf8;

-- ----------------------------
-- Records of ke_auth_rule
-- ----------------------------
INSERT INTO `ke_auth_rule` VALUES ('1', 'admin', '2', 'Admin/Index/index', '首页', '1', '');
INSERT INTO `ke_auth_rule` VALUES ('2', 'admin', '2', 'Admin/Article/mydocument', '内容', '1', '');
INSERT INTO `ke_auth_rule` VALUES ('3', 'admin', '2', 'Admin/User/index', '用户', '1', '');
INSERT INTO `ke_auth_rule` VALUES ('4', 'admin', '2', 'Admin/Addons/index', '扩展', '1', '');
INSERT INTO `ke_auth_rule` VALUES ('5', 'admin', '2', 'Admin/Config/group', '系统', '1', '');
INSERT INTO `ke_auth_rule` VALUES ('7', 'admin', '1', 'Admin/article/add', '新增', '1', '');
INSERT INTO `ke_auth_rule` VALUES ('8', 'admin', '1', 'Admin/article/edit', '编辑', '1', '');
INSERT INTO `ke_auth_rule` VALUES ('9', 'admin', '1', 'Admin/article/setStatus', '改变状态', '1', '');
INSERT INTO `ke_auth_rule` VALUES ('10', 'admin', '1', 'Admin/article/update', '保存', '1', '');
INSERT INTO `ke_auth_rule` VALUES ('11', 'admin', '1', 'Admin/article/autoSave', '保存草稿', '1', '');
INSERT INTO `ke_auth_rule` VALUES ('12', 'admin', '1', 'Admin/article/move', '移动', '1', '');
INSERT INTO `ke_auth_rule` VALUES ('13', 'admin', '1', 'Admin/article/copy', '复制', '1', '');
INSERT INTO `ke_auth_rule` VALUES ('14', 'admin', '1', 'Admin/article/paste', '粘贴', '1', '');
INSERT INTO `ke_auth_rule` VALUES ('15', 'admin', '1', 'Admin/article/permit', '还原', '1', '');
INSERT INTO `ke_auth_rule` VALUES ('16', 'admin', '1', 'Admin/article/clear', '清空', '1', '');
INSERT INTO `ke_auth_rule` VALUES ('17', 'admin', '1', 'Admin/article/index', '文档列表', '1', '');
INSERT INTO `ke_auth_rule` VALUES ('18', 'admin', '1', 'Admin/article/recycle', '回收站', '1', '');
INSERT INTO `ke_auth_rule` VALUES ('19', 'admin', '1', 'Admin/User/addaction', '新增用户行为', '1', '');
INSERT INTO `ke_auth_rule` VALUES ('20', 'admin', '1', 'Admin/User/editaction', '编辑用户行为', '1', '');
INSERT INTO `ke_auth_rule` VALUES ('21', 'admin', '1', 'Admin/User/saveAction', '保存用户行为', '1', '');
INSERT INTO `ke_auth_rule` VALUES ('22', 'admin', '1', 'Admin/User/setStatus', '变更行为状态', '1', '');
INSERT INTO `ke_auth_rule` VALUES ('23', 'admin', '1', 'Admin/User/changeStatus?method=forbidUser', '禁用会员', '1', '');
INSERT INTO `ke_auth_rule` VALUES ('24', 'admin', '1', 'Admin/User/changeStatus?method=resumeUser', '启用会员', '1', '');
INSERT INTO `ke_auth_rule` VALUES ('25', 'admin', '1', 'Admin/User/changeStatus?method=deleteUser', '删除会员', '1', '');
INSERT INTO `ke_auth_rule` VALUES ('26', 'admin', '1', 'Admin/User/index', '用户信息', '1', '');
INSERT INTO `ke_auth_rule` VALUES ('27', 'admin', '1', 'Admin/User/action', '用户行为', '1', '');
INSERT INTO `ke_auth_rule` VALUES ('28', 'admin', '1', 'Admin/AuthManager/changeStatus?method=deleteGroup', '删除', '1', '');
INSERT INTO `ke_auth_rule` VALUES ('29', 'admin', '1', 'Admin/AuthManager/changeStatus?method=forbidGroup', '禁用', '1', '');
INSERT INTO `ke_auth_rule` VALUES ('30', 'admin', '1', 'Admin/AuthManager/changeStatus?method=resumeGroup', '恢复', '1', '');
INSERT INTO `ke_auth_rule` VALUES ('31', 'admin', '1', 'Admin/AuthManager/createGroup', '新增', '1', '');
INSERT INTO `ke_auth_rule` VALUES ('32', 'admin', '1', 'Admin/AuthManager/editGroup', '编辑', '1', '');
INSERT INTO `ke_auth_rule` VALUES ('33', 'admin', '1', 'Admin/AuthManager/writeGroup', '保存用户组', '1', '');
INSERT INTO `ke_auth_rule` VALUES ('34', 'admin', '1', 'Admin/AuthManager/group', '授权', '1', '');
INSERT INTO `ke_auth_rule` VALUES ('35', 'admin', '1', 'Admin/AuthManager/access', '访问授权', '1', '');
INSERT INTO `ke_auth_rule` VALUES ('36', 'admin', '1', 'Admin/AuthManager/user', '成员授权', '1', '');
INSERT INTO `ke_auth_rule` VALUES ('37', 'admin', '1', 'Admin/AuthManager/removeFromGroup', '解除授权', '1', '');
INSERT INTO `ke_auth_rule` VALUES ('38', 'admin', '1', 'Admin/AuthManager/addToGroup', '保存成员授权', '1', '');
INSERT INTO `ke_auth_rule` VALUES ('39', 'admin', '1', 'Admin/AuthManager/category', '分类授权', '1', '');
INSERT INTO `ke_auth_rule` VALUES ('40', 'admin', '1', 'Admin/AuthManager/addToCategory', '保存分类授权', '1', '');
INSERT INTO `ke_auth_rule` VALUES ('41', 'admin', '1', 'Admin/AuthManager/index', '权限管理', '1', '');
INSERT INTO `ke_auth_rule` VALUES ('42', 'admin', '1', 'Admin/Addons/create', '创建', '1', '');
INSERT INTO `ke_auth_rule` VALUES ('43', 'admin', '1', 'Admin/Addons/checkForm', '检测创建', '1', '');
INSERT INTO `ke_auth_rule` VALUES ('44', 'admin', '1', 'Admin/Addons/preview', '预览', '1', '');
INSERT INTO `ke_auth_rule` VALUES ('45', 'admin', '1', 'Admin/Addons/build', '快速生成插件', '1', '');
INSERT INTO `ke_auth_rule` VALUES ('46', 'admin', '1', 'Admin/Addons/config', '设置', '1', '');
INSERT INTO `ke_auth_rule` VALUES ('47', 'admin', '1', 'Admin/Addons/disable', '禁用', '1', '');
INSERT INTO `ke_auth_rule` VALUES ('48', 'admin', '1', 'Admin/Addons/enable', '启用', '1', '');
INSERT INTO `ke_auth_rule` VALUES ('49', 'admin', '1', 'Admin/Addons/install', '安装', '1', '');
INSERT INTO `ke_auth_rule` VALUES ('50', 'admin', '1', 'Admin/Addons/uninstall', '卸载', '1', '');
INSERT INTO `ke_auth_rule` VALUES ('51', 'admin', '1', 'Admin/Addons/saveconfig', '更新配置', '1', '');
INSERT INTO `ke_auth_rule` VALUES ('52', 'admin', '1', 'Admin/Addons/adminList', '插件后台列表', '1', '');
INSERT INTO `ke_auth_rule` VALUES ('53', 'admin', '1', 'Admin/Addons/execute', 'URL方式访问插件', '1', '');
INSERT INTO `ke_auth_rule` VALUES ('54', 'admin', '1', 'Admin/Addons/index', '插件管理', '1', '');
INSERT INTO `ke_auth_rule` VALUES ('55', 'admin', '1', 'Admin/Addons/hooks', '钩子管理', '1', '');
INSERT INTO `ke_auth_rule` VALUES ('56', 'admin', '1', 'Admin/model/add', '新增', '1', '');
INSERT INTO `ke_auth_rule` VALUES ('57', 'admin', '1', 'Admin/model/edit', '编辑', '1', '');
INSERT INTO `ke_auth_rule` VALUES ('58', 'admin', '1', 'Admin/model/setStatus', '改变状态', '1', '');
INSERT INTO `ke_auth_rule` VALUES ('59', 'admin', '1', 'Admin/model/update', '保存数据', '1', '');
INSERT INTO `ke_auth_rule` VALUES ('60', 'admin', '1', 'Admin/Model/index', '模型管理', '1', '');
INSERT INTO `ke_auth_rule` VALUES ('61', 'admin', '1', 'Admin/Config/edit', '编辑', '1', '');
INSERT INTO `ke_auth_rule` VALUES ('62', 'admin', '1', 'Admin/Config/del', '删除', '1', '');
INSERT INTO `ke_auth_rule` VALUES ('63', 'admin', '1', 'Admin/Config/add', '新增', '1', '');
INSERT INTO `ke_auth_rule` VALUES ('64', 'admin', '1', 'Admin/Config/save', '保存', '1', '');
INSERT INTO `ke_auth_rule` VALUES ('65', 'admin', '1', 'Admin/Config/group', '网站设置', '1', '');
INSERT INTO `ke_auth_rule` VALUES ('66', 'admin', '1', 'Admin/Config/index', '配置管理', '1', '');
INSERT INTO `ke_auth_rule` VALUES ('67', 'admin', '1', 'Admin/Channel/add', '新增', '1', '');
INSERT INTO `ke_auth_rule` VALUES ('68', 'admin', '1', 'Admin/Channel/edit', '编辑', '1', '');
INSERT INTO `ke_auth_rule` VALUES ('69', 'admin', '1', 'Admin/Channel/del', '删除', '1', '');
INSERT INTO `ke_auth_rule` VALUES ('70', 'admin', '1', 'Admin/Channel/index', '导航管理', '1', '');
INSERT INTO `ke_auth_rule` VALUES ('71', 'admin', '1', 'Admin/Category/edit', '编辑', '1', '');
INSERT INTO `ke_auth_rule` VALUES ('72', 'admin', '1', 'Admin/Category/add', '新增', '1', '');
INSERT INTO `ke_auth_rule` VALUES ('73', 'admin', '1', 'Admin/Category/remove', '删除', '1', '');
INSERT INTO `ke_auth_rule` VALUES ('74', 'admin', '1', 'Admin/Category/index', '分类管理', '1', '');
INSERT INTO `ke_auth_rule` VALUES ('75', 'admin', '1', 'Admin/file/upload', '上传控件', '-1', '');
INSERT INTO `ke_auth_rule` VALUES ('76', 'admin', '1', 'Admin/file/uploadPicture', '上传图片', '-1', '');
INSERT INTO `ke_auth_rule` VALUES ('77', 'admin', '1', 'Admin/file/download', '下载', '-1', '');
INSERT INTO `ke_auth_rule` VALUES ('94', 'admin', '1', 'Admin/AuthManager/modelauth', '模型授权', '1', '');
INSERT INTO `ke_auth_rule` VALUES ('79', 'admin', '1', 'Admin/article/batchOperate', '导入', '1', '');
INSERT INTO `ke_auth_rule` VALUES ('80', 'admin', '1', 'Admin/Database/index?type=export', '备份数据库', '1', '');
INSERT INTO `ke_auth_rule` VALUES ('81', 'admin', '1', 'Admin/Database/index?type=import', '还原数据库', '1', '');
INSERT INTO `ke_auth_rule` VALUES ('82', 'admin', '1', 'Admin/Database/export', '备份', '1', '');
INSERT INTO `ke_auth_rule` VALUES ('83', 'admin', '1', 'Admin/Database/optimize', '优化表', '1', '');
INSERT INTO `ke_auth_rule` VALUES ('84', 'admin', '1', 'Admin/Database/repair', '修复表', '1', '');
INSERT INTO `ke_auth_rule` VALUES ('86', 'admin', '1', 'Admin/Database/import', '恢复', '1', '');
INSERT INTO `ke_auth_rule` VALUES ('87', 'admin', '1', 'Admin/Database/del', '删除', '1', '');
INSERT INTO `ke_auth_rule` VALUES ('88', 'admin', '1', 'Admin/User/add', '新增用户', '1', '');
INSERT INTO `ke_auth_rule` VALUES ('89', 'admin', '1', 'Admin/Attribute/index', '属性管理', '1', '');
INSERT INTO `ke_auth_rule` VALUES ('90', 'admin', '1', 'Admin/Attribute/add', '新增', '1', '');
INSERT INTO `ke_auth_rule` VALUES ('91', 'admin', '1', 'Admin/Attribute/edit', '编辑', '1', '');
INSERT INTO `ke_auth_rule` VALUES ('92', 'admin', '1', 'Admin/Attribute/setStatus', '改变状态', '1', '');
INSERT INTO `ke_auth_rule` VALUES ('93', 'admin', '1', 'Admin/Attribute/update', '保存数据', '1', '');
INSERT INTO `ke_auth_rule` VALUES ('95', 'admin', '1', 'Admin/AuthManager/addToModel', '保存模型授权', '1', '');
INSERT INTO `ke_auth_rule` VALUES ('96', 'admin', '1', 'Admin/Category/move', '移动', '-1', '');
INSERT INTO `ke_auth_rule` VALUES ('97', 'admin', '1', 'Admin/Category/merge', '合并', '-1', '');
INSERT INTO `ke_auth_rule` VALUES ('98', 'admin', '1', 'Admin/Config/menu', '后台菜单管理', '-1', '');
INSERT INTO `ke_auth_rule` VALUES ('99', 'admin', '1', 'Admin/Article/mydocument', '内容', '-1', '');
INSERT INTO `ke_auth_rule` VALUES ('100', 'admin', '1', 'Admin/Menu/index', '菜单管理', '1', '');
INSERT INTO `ke_auth_rule` VALUES ('101', 'admin', '1', 'Admin/other', '其他', '-1', '');
INSERT INTO `ke_auth_rule` VALUES ('102', 'admin', '1', 'Admin/Menu/add', '新增', '1', '');
INSERT INTO `ke_auth_rule` VALUES ('103', 'admin', '1', 'Admin/Menu/edit', '编辑', '1', '');
INSERT INTO `ke_auth_rule` VALUES ('104', 'admin', '1', 'Admin/Think/lists?model=article', '文章管理', '-1', '');
INSERT INTO `ke_auth_rule` VALUES ('105', 'admin', '1', 'Admin/Think/lists?model=download', '下载管理', '1', '');
INSERT INTO `ke_auth_rule` VALUES ('106', 'admin', '1', 'Admin/Think/lists?model=config', '配置管理', '1', '');
INSERT INTO `ke_auth_rule` VALUES ('107', 'admin', '1', 'Admin/Action/actionlog', '行为日志', '1', '');
INSERT INTO `ke_auth_rule` VALUES ('108', 'admin', '1', 'Admin/User/updatePassword', '修改密码', '1', '');
INSERT INTO `ke_auth_rule` VALUES ('109', 'admin', '1', 'Admin/User/updateNickname', '修改昵称', '1', '');
INSERT INTO `ke_auth_rule` VALUES ('110', 'admin', '1', 'Admin/action/edit', '查看行为日志', '1', '');
INSERT INTO `ke_auth_rule` VALUES ('205', 'admin', '1', 'Admin/think/add', '新增数据', '1', '');
INSERT INTO `ke_auth_rule` VALUES ('111', 'admin', '2', 'Admin/article/index', '文档列表', '-1', '');
INSERT INTO `ke_auth_rule` VALUES ('112', 'admin', '2', 'Admin/article/add', '新增', '-1', '');
INSERT INTO `ke_auth_rule` VALUES ('113', 'admin', '2', 'Admin/article/edit', '编辑', '-1', '');
INSERT INTO `ke_auth_rule` VALUES ('114', 'admin', '2', 'Admin/article/setStatus', '改变状态', '-1', '');
INSERT INTO `ke_auth_rule` VALUES ('115', 'admin', '2', 'Admin/article/update', '保存', '-1', '');
INSERT INTO `ke_auth_rule` VALUES ('116', 'admin', '2', 'Admin/article/autoSave', '保存草稿', '-1', '');
INSERT INTO `ke_auth_rule` VALUES ('117', 'admin', '2', 'Admin/article/move', '移动', '-1', '');
INSERT INTO `ke_auth_rule` VALUES ('118', 'admin', '2', 'Admin/article/copy', '复制', '-1', '');
INSERT INTO `ke_auth_rule` VALUES ('119', 'admin', '2', 'Admin/article/paste', '粘贴', '-1', '');
INSERT INTO `ke_auth_rule` VALUES ('120', 'admin', '2', 'Admin/article/batchOperate', '导入', '-1', '');
INSERT INTO `ke_auth_rule` VALUES ('121', 'admin', '2', 'Admin/article/recycle', '回收站', '-1', '');
INSERT INTO `ke_auth_rule` VALUES ('122', 'admin', '2', 'Admin/article/permit', '还原', '-1', '');
INSERT INTO `ke_auth_rule` VALUES ('123', 'admin', '2', 'Admin/article/clear', '清空', '-1', '');
INSERT INTO `ke_auth_rule` VALUES ('124', 'admin', '2', 'Admin/User/add', '新增用户', '-1', '');
INSERT INTO `ke_auth_rule` VALUES ('125', 'admin', '2', 'Admin/User/action', '用户行为', '-1', '');
INSERT INTO `ke_auth_rule` VALUES ('126', 'admin', '2', 'Admin/User/addAction', '新增用户行为', '-1', '');
INSERT INTO `ke_auth_rule` VALUES ('127', 'admin', '2', 'Admin/User/editAction', '编辑用户行为', '-1', '');
INSERT INTO `ke_auth_rule` VALUES ('128', 'admin', '2', 'Admin/User/saveAction', '保存用户行为', '-1', '');
INSERT INTO `ke_auth_rule` VALUES ('129', 'admin', '2', 'Admin/User/setStatus', '变更行为状态', '-1', '');
INSERT INTO `ke_auth_rule` VALUES ('130', 'admin', '2', 'Admin/User/changeStatus?method=forbidUser', '禁用会员', '-1', '');
INSERT INTO `ke_auth_rule` VALUES ('131', 'admin', '2', 'Admin/User/changeStatus?method=resumeUser', '启用会员', '-1', '');
INSERT INTO `ke_auth_rule` VALUES ('132', 'admin', '2', 'Admin/User/changeStatus?method=deleteUser', '删除会员', '-1', '');
INSERT INTO `ke_auth_rule` VALUES ('133', 'admin', '2', 'Admin/AuthManager/index', '权限管理', '-1', '');
INSERT INTO `ke_auth_rule` VALUES ('134', 'admin', '2', 'Admin/AuthManager/changeStatus?method=deleteGroup', '删除', '-1', '');
INSERT INTO `ke_auth_rule` VALUES ('135', 'admin', '2', 'Admin/AuthManager/changeStatus?method=forbidGroup', '禁用', '-1', '');
INSERT INTO `ke_auth_rule` VALUES ('136', 'admin', '2', 'Admin/AuthManager/changeStatus?method=resumeGroup', '恢复', '-1', '');
INSERT INTO `ke_auth_rule` VALUES ('137', 'admin', '2', 'Admin/AuthManager/createGroup', '新增', '-1', '');
INSERT INTO `ke_auth_rule` VALUES ('138', 'admin', '2', 'Admin/AuthManager/editGroup', '编辑', '-1', '');
INSERT INTO `ke_auth_rule` VALUES ('139', 'admin', '2', 'Admin/AuthManager/writeGroup', '保存用户组', '-1', '');
INSERT INTO `ke_auth_rule` VALUES ('140', 'admin', '2', 'Admin/AuthManager/group', '授权', '-1', '');
INSERT INTO `ke_auth_rule` VALUES ('141', 'admin', '2', 'Admin/AuthManager/access', '访问授权', '-1', '');
INSERT INTO `ke_auth_rule` VALUES ('142', 'admin', '2', 'Admin/AuthManager/user', '成员授权', '-1', '');
INSERT INTO `ke_auth_rule` VALUES ('143', 'admin', '2', 'Admin/AuthManager/removeFromGroup', '解除授权', '-1', '');
INSERT INTO `ke_auth_rule` VALUES ('144', 'admin', '2', 'Admin/AuthManager/addToGroup', '保存成员授权', '-1', '');
INSERT INTO `ke_auth_rule` VALUES ('145', 'admin', '2', 'Admin/AuthManager/category', '分类授权', '-1', '');
INSERT INTO `ke_auth_rule` VALUES ('146', 'admin', '2', 'Admin/AuthManager/addToCategory', '保存分类授权', '-1', '');
INSERT INTO `ke_auth_rule` VALUES ('147', 'admin', '2', 'Admin/AuthManager/modelauth', '模型授权', '-1', '');
INSERT INTO `ke_auth_rule` VALUES ('148', 'admin', '2', 'Admin/AuthManager/addToModel', '保存模型授权', '-1', '');
INSERT INTO `ke_auth_rule` VALUES ('149', 'admin', '2', 'Admin/Addons/create', '创建', '-1', '');
INSERT INTO `ke_auth_rule` VALUES ('150', 'admin', '2', 'Admin/Addons/checkForm', '检测创建', '-1', '');
INSERT INTO `ke_auth_rule` VALUES ('151', 'admin', '2', 'Admin/Addons/preview', '预览', '-1', '');
INSERT INTO `ke_auth_rule` VALUES ('152', 'admin', '2', 'Admin/Addons/build', '快速生成插件', '-1', '');
INSERT INTO `ke_auth_rule` VALUES ('153', 'admin', '2', 'Admin/Addons/config', '设置', '-1', '');
INSERT INTO `ke_auth_rule` VALUES ('154', 'admin', '2', 'Admin/Addons/disable', '禁用', '-1', '');
INSERT INTO `ke_auth_rule` VALUES ('155', 'admin', '2', 'Admin/Addons/enable', '启用', '-1', '');
INSERT INTO `ke_auth_rule` VALUES ('156', 'admin', '2', 'Admin/Addons/install', '安装', '-1', '');
INSERT INTO `ke_auth_rule` VALUES ('157', 'admin', '2', 'Admin/Addons/uninstall', '卸载', '-1', '');
INSERT INTO `ke_auth_rule` VALUES ('158', 'admin', '2', 'Admin/Addons/saveconfig', '更新配置', '-1', '');
INSERT INTO `ke_auth_rule` VALUES ('159', 'admin', '2', 'Admin/Addons/adminList', '插件后台列表', '-1', '');
INSERT INTO `ke_auth_rule` VALUES ('160', 'admin', '2', 'Admin/Addons/execute', 'URL方式访问插件', '-1', '');
INSERT INTO `ke_auth_rule` VALUES ('161', 'admin', '2', 'Admin/Addons/hooks', '钩子管理', '-1', '');
INSERT INTO `ke_auth_rule` VALUES ('162', 'admin', '2', 'Admin/Model/index', '模型管理', '-1', '');
INSERT INTO `ke_auth_rule` VALUES ('163', 'admin', '2', 'Admin/model/add', '新增', '-1', '');
INSERT INTO `ke_auth_rule` VALUES ('164', 'admin', '2', 'Admin/model/edit', '编辑', '-1', '');
INSERT INTO `ke_auth_rule` VALUES ('165', 'admin', '2', 'Admin/model/setStatus', '改变状态', '-1', '');
INSERT INTO `ke_auth_rule` VALUES ('166', 'admin', '2', 'Admin/model/update', '保存数据', '-1', '');
INSERT INTO `ke_auth_rule` VALUES ('167', 'admin', '2', 'Admin/Attribute/index', '属性管理', '-1', '');
INSERT INTO `ke_auth_rule` VALUES ('168', 'admin', '2', 'Admin/Attribute/add', '新增', '-1', '');
INSERT INTO `ke_auth_rule` VALUES ('169', 'admin', '2', 'Admin/Attribute/edit', '编辑', '-1', '');
INSERT INTO `ke_auth_rule` VALUES ('170', 'admin', '2', 'Admin/Attribute/setStatus', '改变状态', '-1', '');
INSERT INTO `ke_auth_rule` VALUES ('171', 'admin', '2', 'Admin/Attribute/update', '保存数据', '-1', '');
INSERT INTO `ke_auth_rule` VALUES ('172', 'admin', '2', 'Admin/Config/index', '配置管理', '-1', '');
INSERT INTO `ke_auth_rule` VALUES ('173', 'admin', '2', 'Admin/Config/edit', '编辑', '-1', '');
INSERT INTO `ke_auth_rule` VALUES ('174', 'admin', '2', 'Admin/Config/del', '删除', '-1', '');
INSERT INTO `ke_auth_rule` VALUES ('175', 'admin', '2', 'Admin/Config/add', '新增', '-1', '');
INSERT INTO `ke_auth_rule` VALUES ('176', 'admin', '2', 'Admin/Config/save', '保存', '-1', '');
INSERT INTO `ke_auth_rule` VALUES ('177', 'admin', '2', 'Admin/Menu/index', '菜单管理', '-1', '');
INSERT INTO `ke_auth_rule` VALUES ('178', 'admin', '2', 'Admin/Channel/index', '导航管理', '-1', '');
INSERT INTO `ke_auth_rule` VALUES ('179', 'admin', '2', 'Admin/Channel/add', '新增', '-1', '');
INSERT INTO `ke_auth_rule` VALUES ('180', 'admin', '2', 'Admin/Channel/edit', '编辑', '-1', '');
INSERT INTO `ke_auth_rule` VALUES ('181', 'admin', '2', 'Admin/Channel/del', '删除', '-1', '');
INSERT INTO `ke_auth_rule` VALUES ('182', 'admin', '2', 'Admin/Category/index', '分类管理', '-1', '');
INSERT INTO `ke_auth_rule` VALUES ('183', 'admin', '2', 'Admin/Category/edit', '编辑', '-1', '');
INSERT INTO `ke_auth_rule` VALUES ('184', 'admin', '2', 'Admin/Category/add', '新增', '-1', '');
INSERT INTO `ke_auth_rule` VALUES ('185', 'admin', '2', 'Admin/Category/remove', '删除', '-1', '');
INSERT INTO `ke_auth_rule` VALUES ('186', 'admin', '2', 'Admin/Category/move', '移动', '-1', '');
INSERT INTO `ke_auth_rule` VALUES ('187', 'admin', '2', 'Admin/Category/merge', '合并', '-1', '');
INSERT INTO `ke_auth_rule` VALUES ('188', 'admin', '2', 'Admin/Database/index?type=export', '备份数据库', '-1', '');
INSERT INTO `ke_auth_rule` VALUES ('189', 'admin', '2', 'Admin/Database/export', '备份', '-1', '');
INSERT INTO `ke_auth_rule` VALUES ('190', 'admin', '2', 'Admin/Database/optimize', '优化表', '-1', '');
INSERT INTO `ke_auth_rule` VALUES ('191', 'admin', '2', 'Admin/Database/repair', '修复表', '-1', '');
INSERT INTO `ke_auth_rule` VALUES ('192', 'admin', '2', 'Admin/Database/index?type=import', '还原数据库', '-1', '');
INSERT INTO `ke_auth_rule` VALUES ('193', 'admin', '2', 'Admin/Database/import', '恢复', '-1', '');
INSERT INTO `ke_auth_rule` VALUES ('194', 'admin', '2', 'Admin/Database/del', '删除', '-1', '');
INSERT INTO `ke_auth_rule` VALUES ('195', 'admin', '2', 'Admin/other', '其他', '1', '');
INSERT INTO `ke_auth_rule` VALUES ('196', 'admin', '2', 'Admin/Menu/add', '新增', '-1', '');
INSERT INTO `ke_auth_rule` VALUES ('197', 'admin', '2', 'Admin/Menu/edit', '编辑', '-1', '');
INSERT INTO `ke_auth_rule` VALUES ('198', 'admin', '2', 'Admin/Think/lists?model=article', '应用', '-1', '');
INSERT INTO `ke_auth_rule` VALUES ('199', 'admin', '2', 'Admin/Think/lists?model=download', '下载管理', '-1', '');
INSERT INTO `ke_auth_rule` VALUES ('200', 'admin', '2', 'Admin/Think/lists?model=config', '应用', '-1', '');
INSERT INTO `ke_auth_rule` VALUES ('201', 'admin', '2', 'Admin/Action/actionlog', '行为日志', '-1', '');
INSERT INTO `ke_auth_rule` VALUES ('202', 'admin', '2', 'Admin/User/updatePassword', '修改密码', '-1', '');
INSERT INTO `ke_auth_rule` VALUES ('203', 'admin', '2', 'Admin/User/updateNickname', '修改昵称', '-1', '');
INSERT INTO `ke_auth_rule` VALUES ('204', 'admin', '2', 'Admin/action/edit', '查看行为日志', '-1', '');
INSERT INTO `ke_auth_rule` VALUES ('206', 'admin', '1', 'Admin/think/edit', '编辑数据', '1', '');
INSERT INTO `ke_auth_rule` VALUES ('207', 'admin', '1', 'Admin/Menu/import', '导入', '1', '');
INSERT INTO `ke_auth_rule` VALUES ('208', 'admin', '1', 'Admin/Model/generate', '生成', '1', '');
INSERT INTO `ke_auth_rule` VALUES ('209', 'admin', '1', 'Admin/Addons/addHook', '新增钩子', '1', '');
INSERT INTO `ke_auth_rule` VALUES ('210', 'admin', '1', 'Admin/Addons/edithook', '编辑钩子', '1', '');
INSERT INTO `ke_auth_rule` VALUES ('211', 'admin', '1', 'Admin/Article/sort', '文档排序', '1', '');
INSERT INTO `ke_auth_rule` VALUES ('212', 'admin', '1', 'Admin/Config/sort', '排序', '1', '');
INSERT INTO `ke_auth_rule` VALUES ('213', 'admin', '1', 'Admin/Menu/sort', '排序', '1', '');
INSERT INTO `ke_auth_rule` VALUES ('214', 'admin', '1', 'Admin/Channel/sort', '排序', '1', '');
INSERT INTO `ke_auth_rule` VALUES ('215', 'admin', '1', 'Admin/Category/operate/type/move', '移动', '1', '');
INSERT INTO `ke_auth_rule` VALUES ('216', 'admin', '1', 'Admin/Category/operate/type/merge', '合并', '1', '');

-- ----------------------------
-- Table structure for `ke_category`
-- ----------------------------
DROP TABLE IF EXISTS `ke_category`;
CREATE TABLE `ke_category` (
  `id` int(10) unsigned NOT NULL AUTO_INCREMENT COMMENT '分类ID',
  `name` varchar(30) NOT NULL COMMENT '标志',
  `title` varchar(50) NOT NULL COMMENT '标题',
  `pid` int(10) unsigned NOT NULL DEFAULT '0' COMMENT '上级分类ID',
  `sort` int(10) unsigned NOT NULL DEFAULT '0' COMMENT '排序（同级有效）',
  `list_row` tinyint(3) unsigned NOT NULL DEFAULT '10' COMMENT '列表每页行数',
  `meta_title` varchar(50) NOT NULL DEFAULT '' COMMENT 'SEO的网页标题',
  `keywords` varchar(255) NOT NULL DEFAULT '' COMMENT '关键字',
  `description` varchar(255) NOT NULL DEFAULT '' COMMENT '描述',
  `template_index` varchar(100) NOT NULL COMMENT '频道页模板',
  `template_lists` varchar(100) NOT NULL COMMENT '列表页模板',
  `template_detail` varchar(100) NOT NULL COMMENT '详情页模板',
  `template_edit` varchar(100) NOT NULL COMMENT '编辑页模板',
  `model` varchar(100) NOT NULL DEFAULT '' COMMENT '关联模型',
  `type` varchar(100) NOT NULL DEFAULT '' COMMENT '允许发布的内容类型',
  `link_id` int(10) unsigned NOT NULL DEFAULT '0' COMMENT '外链',
  `allow_publish` tinyint(3) unsigned NOT NULL DEFAULT '0' COMMENT '是否允许发布内容',
  `display` tinyint(3) unsigned NOT NULL DEFAULT '0' COMMENT '可见性',
  `reply` tinyint(3) unsigned NOT NULL DEFAULT '0' COMMENT '是否允许回复',
  `check` tinyint(3) unsigned NOT NULL DEFAULT '0' COMMENT '发布的文章是否需要审核',
  `reply_model` varchar(100) NOT NULL DEFAULT '',
  `extend` text NOT NULL COMMENT '扩展设置',
  `create_time` int(10) unsigned NOT NULL DEFAULT '0' COMMENT '创建时间',
  `update_time` int(10) unsigned NOT NULL DEFAULT '0' COMMENT '更新时间',
  `status` tinyint(4) NOT NULL DEFAULT '0' COMMENT '数据状态',
  `icon` int(10) unsigned NOT NULL DEFAULT '0' COMMENT '分类图标',
  PRIMARY KEY (`id`),
  UNIQUE KEY `uk_name` (`name`),
  KEY `pid` (`pid`)
) ENGINE=MyISAM AUTO_INCREMENT=39 DEFAULT CHARSET=utf8 COMMENT='分类表';

-- ----------------------------
-- Records of ke_category
-- ----------------------------
INSERT INTO `ke_category` VALUES ('1', 'blog', '博客', '0', '0', '10', '', '', '', '', '', '', '', '2', '2,1', '0', '0', '1', '0', '0', '1', '', '1379474947', '1382701539', '1', '0');
INSERT INTO `ke_category` VALUES ('2', 'default_blog', '默认分类', '1', '1', '10', '', '', '', '', '', '', '', '2', '2,1,3', '0', '1', '1', '0', '1', '1', '', '1379475028', '1386839751', '1', '31');

-- ----------------------------
-- Table structure for `ke_category_goods`
-- ----------------------------
DROP TABLE IF EXISTS `ke_category_goods`;
CREATE TABLE `ke_category_goods` (
  `id` int(10) unsigned NOT NULL AUTO_INCREMENT COMMENT '宝贝分类id',
  `category_name` varchar(255) NOT NULL DEFAULT '' COMMENT '宝贝分类名称',
  `type` tinyint(1) unsigned NOT NULL DEFAULT '1',
  `p_id` int(10) unsigned NOT NULL DEFAULT '0' COMMENT '所属店铺',
  `goods_num` int(3) NOT NULL DEFAULT '0' COMMENT '包含宝贝数量',
  `status` tinyint(1) NOT NULL DEFAULT '0' COMMENT '分类状态，与宝贝状态对应：0=关闭，1开启',
  `sort` int(3) unsigned NOT NULL DEFAULT '0' COMMENT '宝贝排序',
  PRIMARY KEY (`id`)
) ENGINE=MyISAM AUTO_INCREMENT=10 DEFAULT CHARSET=utf8;

-- ----------------------------
-- Records of ke_category_goods
-- ----------------------------
INSERT INTO `ke_category_goods` VALUES ('1', '时尚男装', '1', '0', '0', '1', '0');
INSERT INTO `ke_category_goods` VALUES ('2', '精品女装', '1', '0', '0', '1', '0');
INSERT INTO `ke_category_goods` VALUES ('3', '生活电器', '1', '0', '0', '1', '0');
INSERT INTO `ke_category_goods` VALUES ('4', '手机数码', '1', '0', '0', '0', '0');
INSERT INTO `ke_category_goods` VALUES ('9', '手机配件', '1', '4', '0', '1', '0');

-- ----------------------------
-- Table structure for `ke_collect_goods`
-- ----------------------------
DROP TABLE IF EXISTS `ke_collect_goods`;
CREATE TABLE `ke_collect_goods` (
  `id` int(10) NOT NULL AUTO_INCREMENT,
  `num_iid` varchar(20) NOT NULL DEFAULT '0',
  `title` varchar(200) NOT NULL DEFAULT '' COMMENT '宝贝名称',
  `cate_id` int(10) unsigned NOT NULL DEFAULT '0',
  `goods_type` varchar(255) NOT NULL COMMENT '商品类型',
  `discount_price` decimal(11,2) NOT NULL DEFAULT '0.00' COMMENT '折扣价',
  `price` decimal(11,2) NOT NULL DEFAULT '0.00' COMMENT '现价',
  `pic_url` varchar(255) NOT NULL COMMENT '图片地址',
  `item_url` varchar(255) NOT NULL DEFAULT '' COMMENT '宝贝地址',
  `click_url` text COMMENT '推广地址',
  PRIMARY KEY (`id`),
  KEY `num_iid` (`num_iid`)
) ENGINE=MyISAM AUTO_INCREMENT=91 DEFAULT CHARSET=utf8;

-- ----------------------------
-- Records of ke_collect_goods
-- ----------------------------

-- ----------------------------
-- Table structure for `ke_config`
-- ----------------------------
DROP TABLE IF EXISTS `ke_config`;
CREATE TABLE `ke_config` (
  `id` int(10) unsigned NOT NULL AUTO_INCREMENT COMMENT '配置ID',
  `name` varchar(30) NOT NULL DEFAULT '' COMMENT '配置名称',
  `type` tinyint(3) unsigned NOT NULL DEFAULT '0' COMMENT '配置类型',
  `title` varchar(50) NOT NULL DEFAULT '' COMMENT '配置说明',
  `group` tinyint(3) unsigned NOT NULL DEFAULT '0' COMMENT '配置分组',
  `extra` varchar(255) NOT NULL DEFAULT '' COMMENT '配置值',
  `remark` varchar(100) NOT NULL COMMENT '配置说明',
  `create_time` int(10) unsigned NOT NULL DEFAULT '0' COMMENT '创建时间',
  `update_time` int(10) unsigned NOT NULL DEFAULT '0' COMMENT '更新时间',
  `status` tinyint(4) NOT NULL DEFAULT '0' COMMENT '状态',
  `value` text NOT NULL COMMENT '配置值',
  `sort` smallint(3) unsigned NOT NULL DEFAULT '0' COMMENT '排序',
  PRIMARY KEY (`id`),
  UNIQUE KEY `uk_name` (`name`),
  KEY `type` (`type`),
  KEY `group` (`group`)
) ENGINE=MyISAM AUTO_INCREMENT=51 DEFAULT CHARSET=utf8;

-- ----------------------------
-- Records of ke_config
-- ----------------------------
INSERT INTO `ke_config` VALUES ('1', 'WEB_SITE_TITLE', '1', '网站标题', '1', '', '网站标题前台显示标题', '1378898976', '1379235274', '1', 'Ke361 淘宝客商城', '0');
INSERT INTO `ke_config` VALUES ('2', 'WEB_SITE_DESCRIPTION', '2', '网站描述', '1', '', '网站搜索引擎描述', '1378898976', '1379235841', '1', 'Ke361 淘宝客商城', '1');
INSERT INTO `ke_config` VALUES ('3', 'WEB_SITE_KEYWORD', '2', '网站关键字', '1', '', '网站搜索引擎关键字', '1378898976', '1381390100', '1', 'Ke361 淘宝客商城', '8');
INSERT INTO `ke_config` VALUES ('4', 'WEB_SITE_CLOSE', '4', '关闭站点', '1', '0:关闭,1:开启', '站点关闭后其他用户不能访问，管理员可以正常访问', '1378898976', '1379235296', '1', '1', '1');
INSERT INTO `ke_config` VALUES ('9', 'CONFIG_TYPE_LIST', '3', '配置类型列表', '4', '', '主要用于数据解析和页面表单的生成', '1378898976', '1379235348', '1', '0:数字\r\n1:字符\r\n2:文本\r\n3:数组\r\n4:枚举', '2');
INSERT INTO `ke_config` VALUES ('10', 'WEB_SITE_ICP', '1', '网站备案号', '1', '', '设置在网站底部显示的备案号，如“沪ICP备12007941号-2', '1378900335', '1379235859', '1', '', '9');
INSERT INTO `ke_config` VALUES ('11', 'DOCUMENT_POSITION', '3', '文档推荐位', '2', '', '文档推荐位，推荐到多个位置KEY值相加即可', '1379053380', '1379235329', '1', '1:列表页推荐\r\n2:频道页推荐\r\n4:网站首页推荐', '3');
INSERT INTO `ke_config` VALUES ('12', 'DOCUMENT_DISPLAY', '3', '文档可见性', '2', '', '文章可见性仅影响前台显示，后台不收影响', '1379056370', '1379235322', '1', '0:所有人可见\r\n1:仅注册会员可见\r\n2:仅管理员可见', '4');
INSERT INTO `ke_config` VALUES ('13', 'COLOR_STYLE', '4', '后台色系', '1', 'default_color:默认\r\nblue_color:紫罗兰', '后台颜色风格', '1379122533', '1379235904', '1', 'default_color', '10');
INSERT INTO `ke_config` VALUES ('20', 'CONFIG_GROUP_LIST', '3', '配置分组', '4', '', '配置分组', '1379228036', '1384418383', '1', '1:基本\r\n2:内容\r\n3:用户\r\n4:系统\r\n5:显示\r\n6:淘客', '4');
INSERT INTO `ke_config` VALUES ('21', 'HOOKS_TYPE', '3', '钩子的类型', '4', '', '类型 1-用于扩展显示内容，2-用于扩展业务处理', '1379313397', '1379313407', '1', '1:视图\r\n2:控制器', '6');
INSERT INTO `ke_config` VALUES ('22', 'AUTH_CONFIG', '3', 'Auth配置', '4', '', '自定义Auth.class.php类配置', '1379409310', '1379409564', '1', 'AUTH_ON:1\r\nAUTH_TYPE:2', '8');
INSERT INTO `ke_config` VALUES ('23', 'OPEN_DRAFTBOX', '4', '是否开启草稿功能', '2', '0:关闭草稿功能\r\n1:开启草稿功能\r\n', '新增文章时的草稿功能配置', '1379484332', '1379484591', '1', '1', '1');
INSERT INTO `ke_config` VALUES ('24', 'DRAFT_AOTOSAVE_INTERVAL', '0', '自动保存草稿时间', '2', '', '自动保存草稿的时间间隔，单位：秒', '1379484574', '1386143323', '1', '60', '2');
INSERT INTO `ke_config` VALUES ('25', 'LIST_ROWS', '0', '后台每页记录数', '2', '', '后台数据每页显示记录数', '1379503896', '1380427745', '1', '10', '10');
INSERT INTO `ke_config` VALUES ('26', 'USER_ALLOW_REGISTER', '4', '是否允许用户注册', '3', '0:关闭注册\r\n1:允许注册', '是否开放用户注册', '1379504487', '1379504580', '1', '1', '3');
INSERT INTO `ke_config` VALUES ('27', 'CODEMIRROR_THEME', '4', '预览插件的CodeMirror主题', '4', '3024-day:3024 day\r\n3024-night:3024 night\r\nambiance:ambiance\r\nbase16-dark:base16 dark\r\nbase16-light:base16 light\r\nblackboard:blackboard\r\ncobalt:cobalt\r\neclipse:eclipse\r\nelegant:elegant\r\nerlang-dark:erlang-dark\r\nlesser-dark:lesser-dark\r\nmidnight:midnight', '详情见CodeMirror官网', '1379814385', '1384740813', '1', 'ambiance', '3');
INSERT INTO `ke_config` VALUES ('28', 'DATA_BACKUP_PATH', '1', '数据库备份根路径', '4', '', '路径必须以 / 结尾', '1381482411', '1381482411', '1', './Data/', '5');
INSERT INTO `ke_config` VALUES ('29', 'DATA_BACKUP_PART_SIZE', '0', '数据库备份卷大小', '4', '', '该值用于限制压缩后的分卷最大长度。单位：B；建议设置20M', '1381482488', '1381729564', '1', '20971520', '7');
INSERT INTO `ke_config` VALUES ('30', 'DATA_BACKUP_COMPRESS', '4', '数据库备份文件是否启用压缩', '4', '0:不压缩\r\n1:启用压缩', '压缩备份文件需要PHP环境支持gzopen,gzwrite函数', '1381713345', '1381729544', '1', '1', '9');
INSERT INTO `ke_config` VALUES ('31', 'DATA_BACKUP_COMPRESS_LEVEL', '4', '数据库备份文件压缩级别', '4', '1:普通\r\n4:一般\r\n9:最高', '数据库备份文件的压缩级别，该配置在开启压缩时生效', '1381713408', '1381713408', '1', '9', '10');
INSERT INTO `ke_config` VALUES ('32', 'DEVELOP_MODE', '4', '开启开发者模式', '4', '0:关闭\r\n1:开启', '是否开启开发者模式', '1383105995', '1383291877', '1', '1', '11');
INSERT INTO `ke_config` VALUES ('33', 'ALLOW_VISIT', '3', '不受限控制器方法', '0', '', '', '1386644047', '1386644741', '1', '0:article/draftbox\r\n1:article/mydocument\r\n2:Category/tree\r\n3:Index/verify\r\n4:file/upload\r\n5:file/download\r\n6:user/updatePassword\r\n7:user/updateNickname\r\n8:user/submitPassword\r\n9:user/submitNickname\r\n10:file/uploadpicture', '0');
INSERT INTO `ke_config` VALUES ('34', 'DENY_VISIT', '3', '超管专限控制器方法', '0', '', '仅超级管理员可访问的控制器方法', '1386644141', '1386644659', '1', '0:Addons/addhook\r\n1:Addons/edithook\r\n2:Addons/delhook\r\n3:Addons/updateHook\r\n4:Admin/getMenus\r\n5:Admin/recordList\r\n6:AuthManager/updateRules\r\n7:AuthManager/tree', '0');
INSERT INTO `ke_config` VALUES ('35', 'REPLY_LIST_ROWS', '0', '回复列表每页条数', '2', '', '', '1386645376', '1387178083', '1', '10', '0');
INSERT INTO `ke_config` VALUES ('36', 'ADMIN_ALLOW_IP', '2', '后台允许访问IP', '4', '', '多个用逗号分隔，如果不配置表示不限制IP访问', '1387165454', '1387165553', '1', '', '12');
INSERT INTO `ke_config` VALUES ('37', 'SHOW_PAGE_TRACE', '4', '是否显示页面Trace', '4', '0:关闭\r\n1:开启', '是否显示页面Trace信息', '1387165685', '1387165685', '1', '0', '1');
INSERT INTO `ke_config` VALUES ('45', 'TONGJI', '2', '统计代码', '1', '', '网站统计代码', '1437700726', '1437700726', '1', '', '0');
INSERT INTO `ke_config` VALUES ('47', 'URL_MODEL', '4', 'URL模式', '5', '0:普通模式\r\n1:PATHINFO模式\r\n2:REWRITE模式\r\n3:兼容模式', '', '1437701819', '1437701819', '1', '3', '0');
INSERT INTO `ke_config` VALUES ('48', 'HOME_DEFAULT_THEME', '4', '前台主题', '5', 'black:black', '', '1437702225', '1438935079', '1', 'black', '1');
INSERT INTO `ke_config` VALUES ('49', 'APP_KEY', '1', '淘宝app_key', '6', '', '', '1437814132', '1437814132', '1', '23207033', '0');
INSERT INTO `ke_config` VALUES ('50', 'APP_SECRET', '1', '淘宝app_secret', '6', '', '阿里妈妈申请的app_secret', '1437814213', '1437900024', '1', '9a7edf3eb052c03441025e6c4cd36d10', '0');

-- ----------------------------
-- Table structure for `ke_document`
-- ----------------------------
DROP TABLE IF EXISTS `ke_document`;
CREATE TABLE `ke_document` (
  `id` int(10) unsigned NOT NULL AUTO_INCREMENT COMMENT '文档ID',
  `uid` int(10) unsigned NOT NULL DEFAULT '0' COMMENT '用户ID',
  `name` char(40) NOT NULL DEFAULT '' COMMENT '标识',
  `title` char(80) NOT NULL DEFAULT '' COMMENT '标题',
  `category_id` int(10) unsigned NOT NULL COMMENT '所属分类',
  `description` char(140) NOT NULL DEFAULT '' COMMENT '描述',
  `root` int(10) unsigned NOT NULL DEFAULT '0' COMMENT '根节点',
  `pid` int(10) unsigned NOT NULL DEFAULT '0' COMMENT '所属ID',
  `model_id` tinyint(3) unsigned NOT NULL DEFAULT '0' COMMENT '内容模型ID',
  `type` tinyint(3) unsigned NOT NULL DEFAULT '2' COMMENT '内容类型',
  `position` smallint(5) unsigned NOT NULL DEFAULT '0' COMMENT '推荐位',
  `link_id` int(10) unsigned NOT NULL DEFAULT '0' COMMENT '外链',
  `cover_id` int(10) unsigned NOT NULL DEFAULT '0' COMMENT '封面',
  `display` tinyint(3) unsigned NOT NULL DEFAULT '1' COMMENT '可见性',
  `deadline` int(10) unsigned NOT NULL DEFAULT '0' COMMENT '截至时间',
  `attach` tinyint(3) unsigned NOT NULL DEFAULT '0' COMMENT '附件数量',
  `view` int(10) unsigned NOT NULL DEFAULT '0' COMMENT '浏览量',
  `comment` int(10) unsigned NOT NULL DEFAULT '0' COMMENT '评论数',
  `extend` int(10) unsigned NOT NULL DEFAULT '0' COMMENT '扩展统计字段',
  `level` int(10) NOT NULL DEFAULT '0' COMMENT '优先级',
  `create_time` int(10) unsigned NOT NULL DEFAULT '0' COMMENT '创建时间',
  `update_time` int(10) unsigned NOT NULL DEFAULT '0' COMMENT '更新时间',
  `status` tinyint(4) NOT NULL DEFAULT '0' COMMENT '数据状态',
  PRIMARY KEY (`id`),
  KEY `idx_category_status` (`category_id`,`status`),
  KEY `idx_status_type_pid` (`status`,`uid`,`pid`)
) ENGINE=MyISAM AUTO_INCREMENT=2 DEFAULT CHARSET=utf8 COMMENT='文档模型基础表';

-- ----------------------------
-- Records of ke_document
-- ----------------------------

-- ----------------------------
-- Table structure for `ke_document_article`
-- ----------------------------
DROP TABLE IF EXISTS `ke_document_article`;
CREATE TABLE `ke_document_article` (
  `id` int(10) unsigned NOT NULL DEFAULT '0' COMMENT '文档ID',
  `parse` tinyint(3) unsigned NOT NULL DEFAULT '0' COMMENT '内容解析类型',
  `content` text NOT NULL COMMENT '文章内容',
  `template` varchar(100) NOT NULL DEFAULT '' COMMENT '详情页显示模板',
  `bookmark` int(10) unsigned NOT NULL DEFAULT '0' COMMENT '收藏数',
  PRIMARY KEY (`id`)
) ENGINE=MyISAM DEFAULT CHARSET=utf8 COMMENT='文档模型文章表';

-- ----------------------------
-- Records of ke_document_article
-- ----------------------------

-- ----------------------------
-- Table structure for `ke_document_download`
-- ----------------------------
DROP TABLE IF EXISTS `ke_document_download`;
CREATE TABLE `ke_document_download` (
  `id` int(10) unsigned NOT NULL DEFAULT '0' COMMENT '文档ID',
  `parse` tinyint(3) unsigned NOT NULL DEFAULT '0' COMMENT '内容解析类型',
  `content` text NOT NULL COMMENT '下载详细描述',
  `template` varchar(100) NOT NULL DEFAULT '' COMMENT '详情页显示模板',
  `file_id` int(10) unsigned NOT NULL DEFAULT '0' COMMENT '文件ID',
  `download` int(10) unsigned NOT NULL DEFAULT '0' COMMENT '下载次数',
  `size` bigint(20) unsigned NOT NULL DEFAULT '0' COMMENT '文件大小',
  PRIMARY KEY (`id`)
) ENGINE=MyISAM DEFAULT CHARSET=utf8 COMMENT='文档模型下载表';

-- ----------------------------
-- Records of ke_document_download
-- ----------------------------

-- ----------------------------
-- Table structure for `ke_favor`
-- ----------------------------
DROP TABLE IF EXISTS `ke_favor`;
CREATE TABLE `ke_favor` (
  `fid` int(10) unsigned NOT NULL AUTO_INCREMENT COMMENT '收藏id',
  `goods_id` int(10) unsigned NOT NULL DEFAULT '0' COMMENT '店铺id',
  `uid` int(10) unsigned NOT NULL DEFAULT '0' COMMENT '收藏人id',
  PRIMARY KEY (`fid`)
) ENGINE=MyISAM AUTO_INCREMENT=2 DEFAULT CHARSET=utf8;

-- ----------------------------
-- Records of ke_favor
-- ----------------------------
INSERT INTO `ke_favor` VALUES ('1', '400', '3');

-- ----------------------------
-- Table structure for `ke_file`
-- ----------------------------
DROP TABLE IF EXISTS `ke_file`;
CREATE TABLE `ke_file` (
  `id` int(10) unsigned NOT NULL AUTO_INCREMENT COMMENT '文件ID',
  `name` char(30) NOT NULL DEFAULT '' COMMENT '原始文件名',
  `savename` char(20) NOT NULL DEFAULT '' COMMENT '保存名称',
  `savepath` char(30) NOT NULL DEFAULT '' COMMENT '文件保存路径',
  `ext` char(5) NOT NULL DEFAULT '' COMMENT '文件后缀',
  `mime` char(40) NOT NULL DEFAULT '' COMMENT '文件mime类型',
  `size` int(10) unsigned NOT NULL DEFAULT '0' COMMENT '文件大小',
  `md5` char(32) NOT NULL DEFAULT '' COMMENT '文件md5',
  `sha1` char(40) NOT NULL DEFAULT '' COMMENT '文件 sha1编码',
  `location` tinyint(3) unsigned NOT NULL DEFAULT '0' COMMENT '文件保存位置',
  `create_time` int(10) unsigned NOT NULL COMMENT '上传时间',
  PRIMARY KEY (`id`),
  UNIQUE KEY `uk_md5` (`md5`)
) ENGINE=MyISAM DEFAULT CHARSET=utf8 COMMENT='文件表';

-- ----------------------------
-- Records of ke_file
-- ----------------------------

-- ----------------------------
-- Table structure for `ke_goods`
-- ----------------------------
DROP TABLE IF EXISTS `ke_goods`;
CREATE TABLE `ke_goods` (
  `goods_id` mediumint(8) unsigned NOT NULL AUTO_INCREMENT,
  `num_iid` varchar(20) NOT NULL DEFAULT '0',
  `title` varchar(200) NOT NULL DEFAULT '' COMMENT '宝贝名称',
  `cate_id` int(10) unsigned NOT NULL DEFAULT '0',
  `tid` int(10) unsigned NOT NULL DEFAULT '0',
  `goods_type` varchar(255) NOT NULL COMMENT '商品类型',
  `provcity` varchar(20) NOT NULL DEFAULT '',
  `nick` varchar(32) NOT NULL DEFAULT '' COMMENT '卖家名称',
  `add_id` int(10) unsigned NOT NULL DEFAULT '0' COMMENT '添加人',
  `add_uname` varchar(30) NOT NULL DEFAULT '',
  `seller_credit` varchar(32) NOT NULL DEFAULT '' COMMENT '卖家信用',
  `discount_price` decimal(11,2) NOT NULL DEFAULT '0.00' COMMENT '折扣价',
  `price` decimal(11,2) NOT NULL DEFAULT '0.00' COMMENT '现价',
  `volume` int(10) NOT NULL DEFAULT '0' COMMENT '30天推广数量',
  `comment_count` int(10) NOT NULL,
  `pic_url` varchar(255) NOT NULL COMMENT '图片地址',
  `item_url` varchar(255) NOT NULL DEFAULT '' COMMENT '宝贝地址',
  `click_url` text COMMENT '推广地址',
  `shop_url` text NOT NULL COMMENT '店铺地址',
  `sclick_url` text NOT NULL COMMENT '店铺推广链接',
  `item_body` longtext NOT NULL COMMENT '宝贝内容',
  `status` tinyint(1) NOT NULL DEFAULT '1' COMMENT '状态，1审核通过，0未审核',
  `seo_title` varchar(255) DEFAULT '' COMMENT 'seo标题',
  `seo_keywords` varchar(255) DEFAULT '' COMMENT 'seo关键字',
  `seo_description` varchar(255) DEFAULT '',
  `ctime` int(11) NOT NULL DEFAULT '0' COMMENT '添加时间（时间戳）',
  `hits` int(11) NOT NULL DEFAULT '0' COMMENT '商品点击数',
  `favor` int(11) NOT NULL DEFAULT '0' COMMENT '商品赞数',
  `sort` smallint(3) unsigned NOT NULL DEFAULT '0',
  PRIMARY KEY (`goods_id`),
  KEY `goods_id` (`goods_id`),
  KEY `num_iid` (`num_iid`)
) ENGINE=MyISAM AUTO_INCREMENT=468 DEFAULT CHARSET=utf8;

-- ----------------------------
-- Records of ke_goods
-- ----------------------------
INSERT INTO `ke_goods` VALUES ('408', '520204184520', '2015新款刺绣印花连衣裙夏季女装韩版针织淑女两件套装裙子大摆裙', '2', '0', 'taobao', '', '', '1', 'admin', '', '198.00', '899.00', '0', '0', 'http://img4.tbcdn.cn/tfscom/i4/TB1wOpyIFXXXXbKXVXXXXXXXXXX_!!0-item_pic.jpg', 'http://item.taobao.com/item.htm?id=520204184520', null, '', '', '', '1', '', '', '', '1438935383', '0', '0', '0');
INSERT INTO `ke_goods` VALUES ('409', '38624398489', '斯黛欧2015夏季新款韩版潮宽松大码女装显瘦雪纺连衣裙胖MM1590', '2', '0', 'taobao', '', '', '1', 'admin', '', '128.00', '198.00', '0', '0', 'http://img2.tbcdn.cn/tfscom/i1/T1ocpNFJlbXXXXXXXX_!!0-item_pic.jpg', 'http://item.taobao.com/item.htm?id=38624398489', null, '', '', '', '1', '', '', '', '1438935383', '0', '0', '0');
INSERT INTO `ke_goods` VALUES ('410', '44694416919', '千羽斐无袖蕾丝雪纺连衣裙夏女装2015新款韩版修身显瘦白色裙子潮', '2', '0', 'taobao', '', '', '1', 'admin', '', '139.00', '239.00', '0', '0', 'http://img2.tbcdn.cn/tfscom/i3/TB1u83LHpXXXXa5XXXXXXXXXXXX_!!0-item_pic.jpg', 'http://item.taobao.com/item.htm?id=44694416919', null, '', '', '', '1', '', '', '', '1438935383', '0', '0', '0');
INSERT INTO `ke_goods` VALUES ('411', '45681133007', '2015新款夏季女装宽松显瘦背带裙连衣裙两件套装中长款吊带裙子潮', '2', '0', 'taobao', '', '', '1', 'admin', '', '138.00', '399.00', '0', '0', 'http://img2.tbcdn.cn/tfscom/i3/TB1GGFPHVXXXXbNXXXXXXXXXXXX_!!0-item_pic.jpg', 'http://item.taobao.com/item.htm?id=45681133007', null, '', '', '', '1', '', '', '', '1438935383', '0', '0', '0');
INSERT INTO `ke_goods` VALUES ('412', '44953146908', '真丝连衣裙夏季2015新款女装短袖拼接圆点高档桑蚕丝真丝绸缎裙子', '2', '0', 'taobao', '', '', '1', 'admin', '', '378.00', '718.00', '0', '0', 'http://img3.tbcdn.cn/tfscom/i3/TB1Z_yxHFXXXXX1XFXXXXXXXXXX_!!0-item_pic.jpg', 'http://item.taobao.com/item.htm?id=44953146908', null, '', '', '', '1', '', '', '', '1438935383', '0', '0', '0');
INSERT INTO `ke_goods` VALUES ('413', '520271059295', '欧洲站2015夏装新款韩版女装 名媛时尚百褶 修身显瘦雪纺连衣裙女', '2', '0', 'taobao', '', '', '1', 'admin', '', '148.00', '298.00', '0', '0', 'http://img2.tbcdn.cn/tfscom/i3/TB1Dyg4IpXXXXbqXVXXXXXXXXXX_!!0-item_pic.jpg', 'http://item.taobao.com/item.htm?id=520271059295', null, '', '', '', '1', '', '', '', '1438935383', '0', '0', '0');
INSERT INTO `ke_goods` VALUES ('414', '45742522599', '2015夏装新款针织红色棉麻连衣裙女装大码宽松休闲亚麻薄款中裙子', '2', '0', 'taobao', '', '', '1', 'admin', '', '118.00', '298.00', '0', '0', 'http://img3.tbcdn.cn/tfscom/i2/TB1mYaWIXXXXXX5XXXXXXXXXXXX_!!0-item_pic.jpg', 'http://item.taobao.com/item.htm?id=45742522599', null, '', '', '', '1', '', '', '', '1438935383', '0', '0', '0');
INSERT INTO `ke_goods` VALUES ('415', '520401288290', '欧洲站2015夏装新品韩版女装雪纺短袖中长款显瘦大码两件套连衣裙', '2', '0', 'taobao', '', '', '1', 'admin', '', '158.00', '399.00', '0', '0', 'http://img4.tbcdn.cn/tfscom/i2/TB1oKDvIVXXXXXXXpXXXXXXXXXX_!!0-item_pic.jpg', 'http://item.taobao.com/item.htm?id=520401288290', null, '', '', '', '1', '', '', '', '1438935383', '0', '0', '0');
INSERT INTO `ke_goods` VALUES ('416', '45386572729', '欧洲站名媛气质 棉麻连衣裙夏中裙2015女装新款韩版修身显瘦裙子', '2', '0', 'taobao', '', '', '1', 'admin', '', '118.00', '230.00', '0', '0', 'http://img4.tbcdn.cn/tfscom/i2/TB1uTYDHVXXXXcFXVXXXXXXXXXX_!!0-item_pic.jpg', 'http://item.taobao.com/item.htm?id=45386572729', null, '', '', '', '1', '', '', '', '1438935383', '0', '0', '0');
INSERT INTO `ke_goods` VALUES ('417', '520515723432', '欧洲站2015夏季女装新款短袖中长款雪纺连衣裙显瘦大码印花女裙子', '2', '0', 'taobao', '', '', '1', 'admin', '', '138.00', '888.00', '0', '0', 'http://img3.tbcdn.cn/tfscom/i3/TB1N64OIFXXXXbkXXXXXXXXXXXX_!!0-item_pic.jpg', 'http://item.taobao.com/item.htm?id=520515723432', null, '', '', '', '1', '', '', '', '1438935383', '0', '0', '0');
INSERT INTO `ke_goods` VALUES ('418', '21589959991', '烟花烫ZG2015夏新款女装甜美绣花蕾丝短袖雪纺印花连衣裙 柔夏', '2', '0', 'taobao', '', '', '1', 'admin', '', '268.00', '656.00', '0', '0', 'http://img1.tbcdn.cn/tfscom/i1/TB1bKQsHpXXXXaCXpXXXXXXXXXX_!!0-item_pic.jpg', 'http://item.taobao.com/item.htm?id=21589959991', null, '', '', '', '1', '', '', '', '1438935391', '0', '0', '0');
INSERT INTO `ke_goods` VALUES ('419', '520069660739', '欧洲站2015夏季新款女装中长款气质连衣裙欧根纱蓬蓬A字裙两件套', '2', '0', 'taobao', '', '', '1', 'admin', '', '148.00', '299.00', '0', '0', 'http://img4.tbcdn.cn/tfscom/i3/TB129MvIXXXXXcbXVXXXXXXXXXX_!!0-item_pic.jpg', 'http://item.taobao.com/item.htm?id=520069660739', null, '', '', '', '1', '', '', '', '1438935391', '0', '0', '0');
INSERT INTO `ke_goods` VALUES ('420', '520593467479', '2015夏韩版新款女装欧根纱蓬蓬裙无袖连衣裙修身荷叶边短裙背心裙', '2', '0', 'taobao', '', '', '1', 'admin', '', '138.00', '528.00', '0', '0', 'http://img3.tbcdn.cn/tfscom/i3/TB1vT9eHpXXXXcWapXXXXXXXXXX_!!0-item_pic.jpg', 'http://item.taobao.com/item.htm?id=520593467479', null, '', '', '', '1', '', '', '', '1438935391', '0', '0', '0');
INSERT INTO `ke_goods` VALUES ('421', '44462859192', '夏季女装蕾丝拼接雪纺连衣裙收腰显瘦礼服裙OL职业工作服包臀裙', '2', '0', 'taobao', '', '', '1', 'admin', '', '111.00', '259.00', '0', '0', 'http://img2.tbcdn.cn/tfscom/i3/TB1DBOqIVXXXXa1aFXXXXXXXXXX_!!0-item_pic.jpg', 'http://item.taobao.com/item.htm?id=44462859192', null, '', '', '', '1', '', '', '', '1438935391', '0', '0', '0');
INSERT INTO `ke_goods` VALUES ('422', '520305545531', '布伊格夏装2015韩版女装高端刺绣欧根纱蓬蓬裙套装裙两件套连衣裙', '2', '0', 'taobao', '', '', '1', 'admin', '', '199.00', '549.00', '0', '0', 'http://img2.tbcdn.cn/tfscom/i3/TB19v96IpXXXXctXVXXXXXXXXXX_!!0-item_pic.jpg', 'http://item.taobao.com/item.htm?id=520305545531', null, '', '', '', '1', '', '', '', '1438935391', '0', '0', '0');
INSERT INTO `ke_goods` VALUES ('423', '520712743447', '钻姿2015夏装新款女装潮长裙韩版复古文艺刺绣无袖棉麻连衣裙女夏', '2', '0', 'taobao', '', '', '1', 'admin', '', '168.00', '198.00', '0', '0', 'http://img4.tbcdn.cn/tfscom/i2/TB1JEHyIFXXXXaAXFXXXXXXXXXX_!!0-item_pic.jpg', 'http://item.taobao.com/item.htm?id=520712743447', null, '', '', '', '1', '', '', '', '1438935391', '0', '0', '0');
INSERT INTO `ke_goods` VALUES ('424', '520520082885', '2015新款针织印花连衣裙夏季韩版女装修身两件套装裙子淑女A字裙', '2', '0', 'taobao', '', '', '1', 'admin', '', '168.00', '799.00', '0', '0', 'http://img2.tbcdn.cn/tfscom/i2/TB1ZRguIFXXXXciXFXXXXXXXXXX_!!0-item_pic.jpg', 'http://item.taobao.com/item.htm?id=520520082885', null, '', '', '', '1', '', '', '', '1438935391', '0', '0', '0');
INSERT INTO `ke_goods` VALUES ('425', '37805958933', '琳丹乐夏装新品大码女装韩版蕾丝拼接雪纺碎花显瘦 修身连衣裙子', '2', '0', 'taobao', '', '', '1', 'admin', '', '159.00', '288.00', '0', '0', 'http://img1.tbcdn.cn/tfscom/i2/T1F9WIFrleXXXXXXXX_!!0-item_pic.jpg', 'http://item.taobao.com/item.htm?id=37805958933', null, '', '', '', '1', '', '', '', '1438935391', '0', '0', '0');
INSERT INTO `ke_goods` VALUES ('426', '520293865473', '卡洛莱时尚连衣裙夏 2015夏季新款女装修身显瘦气质雪纺连衣裙女', '2', '0', 'taobao', '', '', '1', 'admin', '', '168.00', '308.00', '0', '0', 'http://img2.tbcdn.cn/tfscom/i3/TB1Sv6IIpXXXXczXVXXXXXXXXXX_!!0-item_pic.jpg', 'http://item.taobao.com/item.htm?id=520293865473', null, '', '', '', '1', '', '', '', '1438935391', '0', '0', '0');
INSERT INTO `ke_goods` VALUES ('427', '520326664411', '2015夏装新款韩版大码女装气质淑女修身长裙夏季真丝皱雪纺连衣裙', '2', '0', 'taobao', '', '', '1', 'admin', '', '138.00', '276.00', '0', '0', 'http://img2.tbcdn.cn/tfscom/i2/TB1e6ntIpXXXXc8XVXXXXXXXXXX_!!0-item_pic.jpg', 'http://item.taobao.com/item.htm?id=520326664411', null, '', '', '', '1', '', '', '', '1438935391', '0', '0', '0');
INSERT INTO `ke_goods` VALUES ('428', '45077492685', '欧根纱连衣裙女夏季2015夏装女装新款韩版潮欧洲站蕾丝刺绣裙子', '2', '0', 'taobao', '', '', '1', 'admin', '', '228.00', '449.00', '0', '0', 'http://img4.tbcdn.cn/tfscom/i2/TB1xNwHHpXXXXXQapXXXXXXXXXX_!!0-item_pic.jpg', 'http://item.taobao.com/item.htm?id=45077492685', null, '', '', '', '1', '', '', '', '1438935402', '0', '0', '0');
INSERT INTO `ke_goods` VALUES ('429', '520298630806', '欧洲站2015夏季新款镶钻腰带雪纺褶皱修身显瘦中长款连衣裙女装潮', '2', '0', 'taobao', '', '', '1', 'admin', '', '169.00', '338.00', '0', '0', 'http://img4.tbcdn.cn/tfscom/i3/TB1IgguIpXXXXa0XFXXXXXXXXXX_!!0-item_pic.jpg', 'http://item.taobao.com/item.htm?id=520298630806', null, '', '', '', '1', '', '', '', '1438935402', '0', '0', '0');
INSERT INTO `ke_goods` VALUES ('430', '520707961074', '2015夏新款名媛女装短袖v领真丝雪纺连衣裙中裙修身韩版印花裙女', '2', '0', 'taobao', '', '', '1', 'admin', '', '168.00', '488.00', '0', '0', 'http://img4.tbcdn.cn/tfscom/i3/TB1RFARIFXXXXXdXpXXXXXXXXXX_!!0-item_pic.jpg', 'http://item.taobao.com/item.htm?id=520707961074', null, '', '', '', '1', '', '', '', '1438935402', '0', '0', '0');
INSERT INTO `ke_goods` VALUES ('431', '520610922412', '欧洲站2015夏装新款女装韩版修身雪纺裙显瘦收腰中裙短袖连衣裙夏', '2', '0', 'taobao', '', '', '1', 'admin', '', '168.00', '336.00', '0', '0', 'http://img1.tbcdn.cn/tfscom/i4/TB10DeJIFXXXXbfXXXXXXXXXXXX_!!0-item_pic.jpg', 'http://item.taobao.com/item.htm?id=520610922412', null, '', '', '', '1', '', '', '', '1438935402', '0', '0', '0');
INSERT INTO `ke_goods` VALUES ('432', '43567408687', '小黑裙2015夏季新款韩版修身显瘦无袖背心短裙雪纺A字连衣裙女装', '2', '0', 'taobao', '', '', '1', 'admin', '', '119.00', '399.00', '0', '0', 'http://img3.tbcdn.cn/tfscom/i1/TB1Gh7kHpXXXXc3XFXXXXXXXXXX_!!0-item_pic.jpg', 'http://item.taobao.com/item.htm?id=43567408687', null, '', '', '', '1', '', '', '', '1438935402', '0', '0', '0');
INSERT INTO `ke_goods` VALUES ('433', '520460332917', '韩国2015夏季女装新款气质修身显瘦棉麻连衣裙长款不规则一步裙夏', '2', '0', 'taobao', '', '', '1', 'admin', '', '168.00', '368.00', '0', '0', 'http://img2.tbcdn.cn/tfscom/i2/TB14bBdIFXXXXbnXXXXXXXXXXXX_!!0-item_pic.jpg', 'http://item.taobao.com/item.htm?id=520460332917', null, '', '', '', '1', '', '', '', '1438935402', '0', '0', '0');
INSERT INTO `ke_goods` VALUES ('434', '520214039677', '欧洲站2015夏季女装新款真丝印花短袖套装裙两件套短裙连衣裙女潮', '2', '0', 'taobao', '', '', '1', 'admin', '', '168.00', '238.00', '0', '0', 'http://img1.tbcdn.cn/tfscom/i1/TB1lQ0GIVXXXXcGXpXXXXXXXXXX_!!0-item_pic.jpg', 'http://item.taobao.com/item.htm?id=520214039677', null, '', '', '', '1', '', '', '', '1438935402', '0', '0', '0');
INSERT INTO `ke_goods` VALUES ('435', '520211095871', '2015夏装新款女装显瘦长裙夏季淑女气质长款韩版雪纺连衣裙女 夏', '2', '0', 'taobao', '', '', '1', 'admin', '', '158.00', '680.00', '0', '0', 'http://img4.tbcdn.cn/tfscom/i3/TB1sw8fIFXXXXXlaXXXXXXXXXXX_!!0-item_pic.jpg', 'http://item.taobao.com/item.htm?id=520211095871', null, '', '', '', '1', '', '', '', '1438935402', '0', '0', '0');
INSERT INTO `ke_goods` VALUES ('436', '520635131814', '2015夏季新款韩版通勤女装圆领短袖气质修身ol连衣裙女中裙淑女裙', '2', '0', 'taobao', '', '', '1', 'admin', '', '158.00', '468.00', '0', '0', 'http://img3.tbcdn.cn/tfscom/i1/TB1ogHdIFXXXXX3aXXXXXXXXXXX_!!0-item_pic.jpg', 'http://item.taobao.com/item.htm?id=520635131814', null, '', '', '', '1', '', '', '', '1438935402', '0', '0', '0');
INSERT INTO `ke_goods` VALUES ('437', '520543428983', '欧洲站2015新款夏季印花连衣裙欧根纱高腰短裙韩版背心裙女装包邮', '2', '0', 'taobao', '', '', '1', 'admin', '', '178.00', '336.00', '0', '0', 'http://img2.tbcdn.cn/tfscom/i4/TB1nSdOIVXXXXbXXpXXXXXXXXXX_!!0-item_pic.jpg', 'http://item.taobao.com/item.htm?id=520543428983', null, '', '', '<p><a name=\"_fans_tuan_a1166847ecc74205fd1d526117735_begin\"></a> <span title=\"_fans_tuan_a1166847ecc74205fd1d526117735_begin\"></span></p><table background=\"https://img.alicdn.com/imgextra/i3/1038382815/TB2ToSAaXXXXXbzXXXXXXXXXXXX-1038382815.jpg\" width=\"750\" height=\"130\"><tr><td style=\"text-align: right;\"><img width=\"115\" height=\"115\" style=\"margin: 3.0px 40.0px 0 0;\" src=\"https://img.alicdn.com/tfscom/TB1JPxLIVXXXXcmXpXXwu0bFXXX.png\"></td></tr></table><p><a name=\"_fans_tuan_a1166847ecc74205fd1d526117735_end\"></a> <span title=\"_fans_tuan_a1166847ecc74205fd1d526117735_end\"></span> <a name=\"_fans_tuan_c1166827ecc74205fddd52615c735_begin\"></a> <span title=\"_fans_tuan_c1166827ecc74205fddd52615c735_begin\"></span></p><table background=\"https://img.alicdn.com/imgextra/i2/1038382815/TB2G5b.bXXXXXb.XXXXXXXXXXXX-1038382815.png\" style=\"background-repeat: no-repeat;\" height=\"130\" width=\"750\"><tr><td align=\"right\"><img style=\"width: 112.0px;margin-right: 42.0px;\" src=\"https://img.alicdn.com/tfscom/TB1X7XMIVXXXXbTXpXXwu0bFXXX.png\"></td></tr></table><p><a name=\"_fans_tuan_c1166827ecc74205fddd52615c735_end\"></a> <span title=\"_fans_tuan_c1166827ecc74205fddd52615c735_end\"></span></p><div title=\"zhangguiactiveuni_229728\" class=\"zhangguiactiveuni_229728\" style=\"width: 750.0px;height: 191.0px;overflow: hidden;margin: 0 auto;\"><a target=\"_blank\" href=\"http://iqiang.uz.taobao.com/market.php?id=229728\"> <img src=\"https://img.alicdn.com/imgextra/T2phSMXzhXXXXXXXXX-729596062.gif?v=1\"> </a></div><div title=\"qmfq_dp18868\" class=\"qmfq_dp18868\" style=\"width: 750.0px;height: 370.0px;overflow: hidden;margin: 0 auto;font-family: microsoft yahei;\"><table width=\"100%\" height=\"100%\" cellpadding=\"0\" cellspacing=\"0\" background=\"https://img.alicdn.com/imgextra/TB2AkvlcpXXXXXWXXXXXXXXXXXX-729596062.png\"><tr><td valign=\"top\"><table width=\"100%\" height=\"100%\" cellpadding=\"0\" cellspacing=\"0\"><tr><td style=\"height: 64.0px;\"></td></tr><tr><td><table width=\"100%\" height=\"100%\" cellpadding=\"0\" cellspacing=\"0\"><tr><td style=\"width: 25.0px;\"></td><td valign=\"top\" style=\"width: 200.0px;\"><table cellpadding=\"0\" cellspacing=\"0\" bgcolor=\"#eaeaea\" style=\"width: 200.0px;\"><tr><td style=\"height: 200.0px;width: 200.0px;\"><a target=\"_blank\" href=\"http://item.taobao.com/item.htm?id=520543428983\"> <img width=\"200\" height=\"200\" border=\"0\" src=\"https://img.alicdn.com/bao/uploaded/i1/TB1QqJ2IFXXXXbVXXXXXXXXXXXX_!!0-item_pic.jpg_200x200.jpg\"></a></td></tr><tr><td style=\"height: 55.0px;background-color: #ffffff;font-size: 12.0px;font-family: microsoft yahei;text-align: center;color: #333333;\">欧洲站2015新款夏季印花连衣裙欧根纱高腰短裙韩版背心裙女装包邮</td></tr><tr><td><table cellpadding=\"0\" cellspacing=\"1\" bgcolor=\"#eaeaea\" style=\"width: 200.0px;\"><tr><td style=\"width: 100.0px;height: 28.0px;background-color: #ff5500;color: #ffffff;font-size: 12.0px;text-align: center;border-spacing: 0.0px;\">原价：336.00元</td><td style=\"width: 100.0px;height: 28.0px;color: #ff5500;font-size: 12.0px;text-align: center;border-spacing: 0.0px;\">已售：99件</td></tr></table></td></tr></table></td><td style=\"width: 57.0px;text-align: center;\"><img src=\"https://img.alicdn.com/imgextra/TB2xBjgcpXXXXczXXXXXXXXXXXX-729596062.png\"></td><td valign=\"top\" style=\"width: 200.0px;\"><table cellpadding=\"0\" cellspacing=\"0\" bgcolor=\"#eaeaea\" style=\"width: 200.0px;\"><tr><td style=\"height: 200.0px;width: 200.0px;\"><a target=\"_blank\" href=\"http://item.taobao.com/item.htm?id=45777743415\"> <img width=\"200\" height=\"200\" border=\"0\" src=\"https://img.alicdn.com/bao/uploaded/i4/TB1q.PXIXXXXXaPXpXXXXXXXXXX_!!0-item_pic.jpg_200x200.jpg\"></a></td></tr><tr><td style=\"height: 55.0px;background-color: #ffffff;font-size: 12.0px;font-family: microsoft yahei;text-align: center;color: #333333;\">欧洲站2015新款女装时尚真丝印花上衣+气质哈伦短裤套装女夏名媛</td></tr><tr><td><table cellpadding=\"0\" cellspacing=\"1\" bgcolor=\"#eaeaea\" style=\"width: 200.0px;\"><tr><td style=\"width: 100.0px;height: 28.0px;background-color: #ff5500;color: #ffffff;font-size: 12.0px;text-align: center;border-spacing: 0.0px;\">原价：390.00元</td><td style=\"width: 100.0px;height: 28.0px;color: #ff5500;font-size: 12.0px;text-align: center;border-spacing: 0.0px;\">已售：99件</td></tr></table></td></tr></table></td><td style=\"width: 57.0px;text-align: center;\"><img src=\"https://img.alicdn.com/imgextra/TB2CojgcpXXXXcwXXXXXXXXXXXX-729596062.png\"></td><td valign=\"top\" style=\"width: 200.0px;\"><table cellpadding=\"0\" cellspacing=\"0\" bgcolor=\"#eaeaea\" style=\"width: 185.0px;\"><tr><td style=\"height: 47.0px;width: 185.0px;\"><img width=\"185\" height=\"47\" src=\"https://img.alicdn.com/imgextra/TB2gEPccpXXXXX3XpXXXXXXXXXX-729596062.png\"></td></tr><tr><td style=\"height: 152.0px;background-color: #ffffff;font-size: 12.0px;font-family: microsoft yahei;text-align: center;color: #696767;\"><table cellpadding=\"0\" cellspacing=\"0\" width=\"100%\"><tr style=\"height: 30.0px;\"><td rowspan=\"3\" style=\"width: 12.0px;\"></td><td style=\"font-size: 12.0px;font-family: microsoft yahei;color: #696767;\">原价：</td><td></td><td style=\"font-size: 14.0px;font-family: microsoft yahei;text-align: right;color: #696767;text-decoration: line-through;\">726元</td><td rowspan=\"3\" style=\"width: 8.0px;\"></td></tr><tr style=\"height: 30.0px;\"><td style=\"font-size: 12.0px;font-family: microsoft yahei;color: #696767;\">立省：</td><td></td><td style=\"font-size: 14.0px;font-family: microsoft yahei;text-align: right;color: #696767;\"><font color=\"#ff5500\" style=\"font-weight: bold;font-size: 22.0px;\">396</font>元</td></tr><tr style=\"height: 30.0px;\"><td style=\"font-size: 12.0px;font-family: microsoft yahei;color: #696767;\">搭配价：</td><td style=\"width: 18.0px;padding-top: 5.0px;\"><img src=\"https://img.alicdn.com/imgextra/TB2qR_fcpXXXXcGXXXXXXXXXXXX-729596062.png\"></td><td style=\"font-size: 14.0px;font-family: microsoft yahei;text-align: right;color: #696767;\"><font color=\"#ff5500\" style=\"font-weight: bold;font-size: 22.0px;\">330</font>元</td></tr></table></td></tr><tr><td style=\"background-color: #ff5500;height: 80.0px;font-size: 16.0px;font-family: microsoft yahei;text-align: center;\"><a target=\"_blank\" style=\"color: #ffffff;text-decoration: none;\" href=\"http://iqiang.uz.taobao.com/meal.php?id=18868\">购买套餐</a></td></tr></table></td></tr></table></td></tr></table></td></tr></table></div><div title=\"qmfq_dp18867\" class=\"qmfq_dp18867\" style=\"width: 750.0px;height: 370.0px;overflow: hidden;margin: 0 auto;font-family: microsoft yahei;\"><table width=\"100%\" height=\"100%\" cellpadding=\"0\" cellspacing=\"0\" background=\"https://img.alicdn.com/imgextra/TB2AkvlcpXXXXXWXXXXXXXXXXXX-729596062.png\"><tr><td valign=\"top\"><table width=\"100%\" height=\"100%\" cellpadding=\"0\" cellspacing=\"0\"><tr><td style=\"height: 64.0px;\"></td></tr><tr><td><table width=\"100%\" height=\"100%\" cellpadding=\"0\" cellspacing=\"0\"><tr><td style=\"width: 25.0px;\"></td><td valign=\"top\" style=\"width: 200.0px;\"><table cellpadding=\"0\" cellspacing=\"0\" bgcolor=\"#eaeaea\" style=\"width: 200.0px;\"><tr><td style=\"height: 200.0px;width: 200.0px;\"><a target=\"_blank\" href=\"http://item.taobao.com/item.htm?id=520543428983\"> <img width=\"200\" height=\"200\" border=\"0\" src=\"https://img.alicdn.com/bao/uploaded/i1/TB1QqJ2IFXXXXbVXXXXXXXXXXXX_!!0-item_pic.jpg_200x200.jpg\"></a></td></tr><tr><td style=\"height: 55.0px;background-color: #ffffff;font-size: 12.0px;font-family: microsoft yahei;text-align: center;color: #333333;\">欧洲站2015新款夏季印花连衣裙欧根纱高腰短裙韩版背心裙女装包邮</td></tr><tr><td><table cellpadding=\"0\" cellspacing=\"1\" bgcolor=\"#eaeaea\" style=\"width: 200.0px;\"><tr><td style=\"width: 100.0px;height: 28.0px;background-color: #ff5500;color: #ffffff;font-size: 12.0px;text-align: center;border-spacing: 0.0px;\">原价：336.00元</td><td style=\"width: 100.0px;height: 28.0px;color: #ff5500;font-size: 12.0px;text-align: center;border-spacing: 0.0px;\">已售：99件</td></tr></table></td></tr></table></td><td style=\"width: 57.0px;text-align: center;\"><img src=\"https://img.alicdn.com/imgextra/TB2xBjgcpXXXXczXXXXXXXXXXXX-729596062.png\"></td><td valign=\"top\" style=\"width: 200.0px;\"><table cellpadding=\"0\" cellspacing=\"0\" bgcolor=\"#eaeaea\" style=\"width: 200.0px;\"><tr><td style=\"height: 200.0px;width: 200.0px;\"><a target=\"_blank\" href=\"http://item.taobao.com/item.htm?id=45809962673\"> <img width=\"200\" height=\"200\" border=\"0\" src=\"https://img.alicdn.com/bao/uploaded/i4/TB1XhtTHpXXXXbXapXXXXXXXXXX_!!0-item_pic.jpg_200x200.jpg\"></a></td></tr><tr><td style=\"height: 55.0px;background-color: #ffffff;font-size: 12.0px;font-family: microsoft yahei;text-align: center;color: #333333;\">2015夏季女装韩版新款猫咪上衣印花百褶裙修身套装雪纺连衣裙夏潮</td></tr><tr><td><table cellpadding=\"0\" cellspacing=\"1\" bgcolor=\"#eaeaea\" style=\"width: 200.0px;\"><tr><td style=\"width: 100.0px;height: 28.0px;background-color: #ff5500;color: #ffffff;font-size: 12.0px;text-align: center;border-spacing: 0.0px;\">原价：390.00元</td><td style=\"width: 100.0px;height: 28.0px;color: #ff5500;font-size: 12.0px;text-align: center;border-spacing: 0.0px;\">已售：99件</td></tr></table></td></tr></table></td><td style=\"width: 57.0px;text-align: center;\"><img src=\"https://img.alicdn.com/imgextra/TB2CojgcpXXXXcwXXXXXXXXXXXX-729596062.png\"></td><td valign=\"top\" style=\"width: 200.0px;\"><table cellpadding=\"0\" cellspacing=\"0\" bgcolor=\"#eaeaea\" style=\"width: 185.0px;\"><tr><td style=\"height: 47.0px;width: 185.0px;\"><img width=\"185\" height=\"47\" src=\"https://img.alicdn.com/imgextra/TB2gEPccpXXXXX3XpXXXXXXXXXX-729596062.png\"></td></tr><tr><td style=\"height: 152.0px;background-color: #ffffff;font-size: 12.0px;font-family: microsoft yahei;text-align: center;color: #696767;\"><table cellpadding=\"0\" cellspacing=\"0\" width=\"100%\"><tr style=\"height: 30.0px;\"><td rowspan=\"3\" style=\"width: 12.0px;\"></td><td style=\"font-size: 12.0px;font-family: microsoft yahei;color: #696767;\">原价：</td><td></td><td style=\"font-size: 14.0px;font-family: microsoft yahei;text-align: right;color: #696767;text-decoration: line-through;\">726元</td><td rowspan=\"3\" style=\"width: 8.0px;\"></td></tr><tr style=\"height: 30.0px;\"><td style=\"font-size: 12.0px;font-family: microsoft yahei;color: #696767;\">立省：</td><td></td><td style=\"font-size: 14.0px;font-family: microsoft yahei;text-align: right;color: #696767;\"><font color=\"#ff5500\" style=\"font-weight: bold;font-size: 22.0px;\">396</font>元</td></tr><tr style=\"height: 30.0px;\"><td style=\"font-size: 12.0px;font-family: microsoft yahei;color: #696767;\">搭配价：</td><td style=\"width: 18.0px;padding-top: 5.0px;\"><img src=\"https://img.alicdn.com/imgextra/TB2qR_fcpXXXXcGXXXXXXXXXXXX-729596062.png\"></td><td style=\"font-size: 14.0px;font-family: microsoft yahei;text-align: right;color: #696767;\"><font color=\"#ff5500\" style=\"font-weight: bold;font-size: 22.0px;\">330</font>元</td></tr></table></td></tr><tr><td style=\"background-color: #ff5500;height: 80.0px;font-size: 16.0px;font-family: microsoft yahei;text-align: center;\"><a target=\"_blank\" style=\"color: #ffffff;text-decoration: none;\" href=\"http://iqiang.uz.taobao.com/meal.php?id=18867\">购买套餐</a></td></tr></table></td></tr></table></td></tr></table></td></tr></table></div><div title=\"qmfq_dp18863\" class=\"qmfq_dp18863\" style=\"width: 750.0px;height: 370.0px;overflow: hidden;margin: 0 auto;font-family: microsoft yahei;\"><table width=\"100%\" height=\"100%\" cellpadding=\"0\" cellspacing=\"0\" background=\"https://img.alicdn.com/imgextra/TB2QRzjcpXXXXbKXXXXXXXXXXXX-729596062.png\"><tr><td valign=\"top\"><table width=\"100%\" height=\"100%\" cellpadding=\"0\" cellspacing=\"0\"><tr><td style=\"height: 64.0px;\"></td></tr><tr><td><table width=\"100%\" height=\"100%\" cellpadding=\"0\" cellspacing=\"0\"><tr><td style=\"width: 25.0px;\"></td><td valign=\"top\" style=\"width: 200.0px;\"><table cellpadding=\"0\" cellspacing=\"0\" bgcolor=\"#eaeaea\" style=\"width: 200.0px;\"><tr><td style=\"height: 200.0px;width: 200.0px;\"><a target=\"_blank\" href=\"http://item.taobao.com/item.htm?id=520543428983\"> <img width=\"200\" height=\"200\" border=\"0\" src=\"https://img.alicdn.com/bao/uploaded/i1/TB1QqJ2IFXXXXbVXXXXXXXXXXXX_!!0-item_pic.jpg_200x200.jpg\"></a></td></tr><tr><td style=\"height: 55.0px;background-color: #ffffff;font-size: 12.0px;font-family: microsoft yahei;text-align: center;color: #333333;\">欧洲站2015新款夏季印花连衣裙欧根纱高腰短裙韩版背心裙女装包邮</td></tr><tr><td><table cellpadding=\"0\" cellspacing=\"1\" bgcolor=\"#eaeaea\" style=\"width: 200.0px;\"><tr><td style=\"width: 100.0px;height: 28.0px;background-color: #e87f00;color: #ffffff;font-size: 12.0px;text-align: center;border-spacing: 0.0px;\">原价：336.00元</td><td style=\"width: 100.0px;height: 28.0px;color: #e87f00;font-size: 12.0px;text-align: center;border-spacing: 0.0px;\">已售：99件</td></tr></table></td></tr></table></td><td style=\"width: 57.0px;text-align: center;\"><img src=\"https://img.alicdn.com/imgextra/TB2wXTjcpXXXXccXXXXXXXXXXXX-729596062.png\"></td><td valign=\"top\" style=\"width: 200.0px;\"><table cellpadding=\"0\" cellspacing=\"0\" bgcolor=\"#eaeaea\" style=\"width: 200.0px;\"><tr><td style=\"height: 200.0px;width: 200.0px;\"><a target=\"_blank\" href=\"http://item.taobao.com/item.htm?id=520380119658\"> <img width=\"200\" height=\"200\" border=\"0\" src=\"https://img.alicdn.com/bao/uploaded/i3/TB11CtgIpXXXXa4XXXXXXXXXXXX_!!0-item_pic.jpg_200x200.jpg\"></a></td></tr><tr><td style=\"height: 55.0px;background-color: #ffffff;font-size: 12.0px;font-family: microsoft yahei;text-align: center;color: #333333;\">2015夏季韩系印花连衣裙韩版蕾丝欧根纱修身女装两件套大码裙子</td></tr><tr><td><table cellpadding=\"0\" cellspacing=\"1\" bgcolor=\"#eaeaea\" style=\"width: 200.0px;\"><tr><td style=\"width: 100.0px;height: 28.0px;background-color: #e87f00;color: #ffffff;font-size: 12.0px;text-align: center;border-spacing: 0.0px;\">原价：336.00元</td><td style=\"width: 100.0px;height: 28.0px;color: #e87f00;font-size: 12.0px;text-align: center;border-spacing: 0.0px;\">已售：99件</td></tr></table></td></tr></table></td><td style=\"width: 57.0px;text-align: center;\"><img src=\"https://img.alicdn.com/imgextra/TB2PcHecpXXXXakXpXXXXXXXXXX-729596062.png\"></td><td valign=\"top\" style=\"width: 200.0px;\"><table cellpadding=\"0\" cellspacing=\"0\" bgcolor=\"#eaeaea\" style=\"width: 185.0px;\"><tr><td style=\"height: 47.0px;width: 185.0px;\"><img width=\"185\" height=\"47\" src=\"https://img.alicdn.com/imgextra/TB2OEThcpXXXXcQXXXXXXXXXXXX-729596062.png\"></td></tr><tr><td style=\"height: 152.0px;background-color: #ffffff;font-size: 12.0px;font-family: microsoft yahei;text-align: center;color: #696767;\"><table cellpadding=\"0\" cellspacing=\"0\" width=\"100%\"><tr style=\"height: 30.0px;\"><td rowspan=\"3\" style=\"width: 12.0px;\"></td><td style=\"font-size: 12.0px;font-family: microsoft yahei;color: #696767;\">原价：</td><td></td><td style=\"font-size: 14.0px;font-family: microsoft yahei;text-align: right;color: #696767;text-decoration: line-through;\">672元</td><td rowspan=\"3\" style=\"width: 8.0px;\"></td></tr><tr style=\"height: 30.0px;\"><td style=\"font-size: 12.0px;font-family: microsoft yahei;color: #696767;\">立省：</td><td></td><td style=\"font-size: 14.0px;font-family: microsoft yahei;text-align: right;color: #696767;\"><font color=\"#e87f00\" style=\"font-weight: bold;font-size: 22.0px;\">342</font>元</td></tr><tr style=\"height: 30.0px;\"><td style=\"font-size: 12.0px;font-family: microsoft yahei;color: #696767;\">搭配价：</td><td style=\"width: 18.0px;padding-top: 5.0px;\"><img src=\"https://img.alicdn.com/imgextra/TB2dofXcpXXXXcXXpXXXXXXXXXX-729596062.png\"></td><td style=\"font-size: 14.0px;font-family: microsoft yahei;text-align: right;color: #696767;\"><font color=\"#e87f00\" style=\"font-weight: bold;font-size: 22.0px;\">330</font>元</td></tr></table></td></tr><tr><td style=\"background-color: #e87f00;height: 80.0px;font-size: 16.0px;font-family: microsoft yahei;text-align: center;\"><a target=\"_blank\" style=\"color: #ffffff;text-decoration: none;\" href=\"http://iqiang.uz.taobao.com/meal.php?id=18863\">购买套餐</a></td></tr></table></td></tr></table></td></tr></table></td></tr></table></div><div><div style=\"margin: 0.0px auto;width: 748.0px;overflow: hidden;background-color: #ffffff;\"><div style=\"width: 748.0px;height: 39.0px;\">&nbsp;</div><div style=\"width: 748.0px;height: 10.0px;line-height: 10.0px;\"><span style=\"color: #000000;text-align: center;line-height: 1.5;\">&nbsp;</span> <u style=\"color: #0000ff;text-align: center;line-height: 1.5;\"><span style=\"font-size: 36.0px;\"><strong><span style=\"font-family: kaiti_gb2312;\">原版欧美大牌重磅上市，亲们，不怕货比货，就怕不识货！</span></strong></span></u></div></div></div><p style=\"color: #000000;text-align: center;\"><span style=\"color: #0000ff;\"><u><span style=\"font-size: 36.0px;\"><strong><span style=\"font-family: kaiti_gb2312;\">精细工艺独家打造您的女神范</span></strong></span></u></span></p><p style=\"color: #000000;text-align: center;\"><span style=\"font-size: 36.0px;\"><span style=\"font-family: kaiti_gb2312;\"><u><span style=\"color: #ff0000;\"><strong>预收<span style=\"line-height: 1.5;\">款下单后7-10发货！不接急单，着急的亲慎拍</span></strong></span></u></span></span><img alt=\"\" style=\"line-height: 1.5;\" src=\"https://assets.alicdn.com/sys/wangwang/smiley/48x48/46.gif\"></p><p style=\"color: #000000;text-align: center;\"><strong style=\"line-height: 1.5;\"><span style=\"font-size: 36.0px;line-height: 54.0px;\"><span style=\"background-color: #ffff00;\"></span></span></strong><strong style=\"font-size: 36.0px;font-family: simhei;color: #ffff00;\"><span style=\"background-color: #ff0000;\">2015夏装热销水墨3D印花套装裙！</span></strong></p><p style=\"color: #000000;text-align: center;\"><strong style=\"font-size: 36.0px;font-family: simhei;color: #ffff00;\"><span style=\"background-color: #ff0000;\"></span></strong><font color=\"#ff0000\" size=\"5\" face=\"microsoft yahei\" style=\"line-height: 16.0px;\"><b>今年国际流行最新3D立体印花套装裙</b></font><span style=\"line-height: 16.0px;\">&nbsp;</span></p><p style=\"color: #000000;text-align: center;\"><b style=\"font-size: x-large;font-family: microsoft yahei;color: #ff0000;line-height: 28.0px;\">抢购价拍下半小时内付款，超时关闭交易</b></p><p style=\"color: #000000;text-align: center;\"><b style=\"font-size: x-large;font-family: microsoft yahei;color: #ff0000;line-height: 36.0px;\"></b><strong style=\"font-family: microsoft yahei;\"><span style=\"font-size: 18.0px;\"><span style=\"color: #ff0000;\"><span style=\"font-size: 24.0px;\">本店图片是自己实拍图片已经被保护盗图者都会被投诉删除</span></span></span></strong></p><div style=\"margin: 0.0px;padding: 0.0px;color: #000000;text-align: center;\">&nbsp; <strong style=\"line-height: 16.0px;\"><span><span style=\"font-size: 18.0px;\">【<span style=\"font-family: microsoft yahei;\">高性价比，真正的淘宝精品】</span></span></span></strong></div><p style=\"color: #000000;text-align: center;\"><strong style=\"font-family: microsoft yahei;\"><span style=\"font-size: 18.0px;\">数量有限卖完为止</span></strong></p><div style=\"margin: 0.0px;padding: 0.0px;color: #000000;text-align: center;\"><strong style=\"font-family: microsoft yahei;\"><span style=\"font-size: 18.0px;\">多重工艺，不扎皮肤，更加高端上档次！</span></strong></div><div style=\"margin: 0.0px;padding: 0.0px;color: #000000;text-align: center;\"><strong style=\"font-family: microsoft yahei;\"><span style=\"font-size: 18.0px;\">透气性好，绝不会闷热，版型效果俱佳！！！拍下15天内发货</span></strong></div><div style=\"margin: 0.0px;padding: 0.0px;color: #000000;text-align: center;\"><strong style=\"font-family: microsoft yahei;\"><span style=\"font-size: 18.0px;\"></span></strong><p><span style=\"color: #4c1130;\"><span style=\"color: #999999;background-color: #990000;\">&nbsp;</span><strong style=\"font-size: 24.0px;font-family: microsoft yahei;color: #ffffff;\"><span style=\"background-color: #ff00ff;\"><span style=\"background-color: #660000;\"><span style=\"background-color: #990000;\">如果您喜欢，请一定抢先下手！不要等着涨价了而后悔！</span></span></span></strong></span></p><p>&nbsp;</p></div><p style=\"color: #000000;\"><strong style=\"text-align: center;line-height: 16.0px;\"><span><span style=\"font-size: 18.0px;\"><span style=\"font-family: microsoft yahei;\"></span></span></span></strong></p><div style=\"margin: 0.0px;padding: 0.0px;color: #000000;text-align: center;\">&nbsp; <span style=\"font-size: 36.0px;font-family: microsoft yahei;color: #ff0000;line-height: 16.0px;\">预定满额后提价!!!早买更优惠</span> <span style=\"font-size: 36.0px;font-family: microsoft yahei;color: #ff0000;line-height: 54.0px;\">!</span> <span style=\"font-size: 36.0px;font-family: microsoft yahei;color: #ff0000;line-height: 54.0px;\">!</span></div><p align=\"center\" style=\"color: #000000;\"><span style=\"font-size: 36.0px;\"><span style=\"color: #ffffff;\"><strong><span style=\"font-family: microsoft yahei;\"><span style=\"background-color: #e06666;\"><span style=\"background-color: #ffffff;\"><span style=\"background-color: #000000;\"><strong><span style=\"background-color: #ffffff;\"><span style=\"background-color: #e06666;\"><span style=\"background-color: #ffffff;\"><span style=\"background-color: #000000;\"><span style=\"background-color: #fe0086;\"><strong><span style=\"background-color: #ffffff;\"><span style=\"background-color: #e06666;\"><span style=\"background-color: #ffffff;\"><span style=\"background-color: #000000;\"><span style=\"background-color: #fe0086;\"><span style=\"background-color: #ffffff;\"><span style=\"background-color: #ff0000;\"><span style=\"color: #000000;\">抢到就是赚到！<span style=\"color: #ffff00;\">7天无理由退换！</span></span>速度</span></span></span></span></span></span></span></strong></span></span></span></span></span></strong></span></span></span></span></strong></span></span></p><p align=\"center\" style=\"color: #000000;\"><span style=\"font-size: 36.0px;\"><span style=\"color: #ffffff;\"><strong><span style=\"font-family: microsoft yahei;\"><span style=\"background-color: #e06666;\"><span style=\"background-color: #ffffff;\"><span style=\"background-color: #000000;\"><strong><span style=\"background-color: #ffffff;\"><span style=\"background-color: #e06666;\"><span style=\"background-color: #ffffff;\"><span style=\"background-color: #000000;\"><span style=\"background-color: #fe0086;\"><strong><span style=\"background-color: #ffffff;\"><span style=\"background-color: #e06666;\"><span style=\"background-color: #ffffff;\"><span style=\"background-color: #000000;\"><span style=\"background-color: #fe0086;\"><span style=\"background-color: #ffffff;\"><span style=\"background-color: #ff0000;\"></span></span></span></span></span></span></span></strong></span></span></span></span></span></strong></span></span></span></span></strong></span></span></p><p align=\"center\" style=\"color: #000000;\">&nbsp;</p><p align=\"center\" style=\"color: #000000;\"><span style=\"font-size: 36.0px;\"><span style=\"color: #ffffff;\"><strong><span style=\"font-family: microsoft yahei;\"><span style=\"background-color: #e06666;\"><span style=\"background-color: #ffffff;\"><span style=\"background-color: #000000;\"><strong><span style=\"background-color: #ffffff;\"><span style=\"background-color: #e06666;\"><span style=\"background-color: #ffffff;\"><span style=\"background-color: #000000;\"><span style=\"background-color: #fe0086;\"><strong><span style=\"background-color: #ffffff;\"><span style=\"background-color: #e06666;\"><span style=\"background-color: #ffffff;\"><span style=\"background-color: #000000;\"><span style=\"background-color: #fe0086;\"><span style=\"background-color: #ffffff;\"><span style=\"background-color: #ff0000;\"></span></span></span></span></span></span></span></strong></span></span></span></span></span></strong></span></span></span></span></strong></span></span></p><p align=\"center\" style=\"color: #000000;\"><span style=\"font-size: 36.0px;\"><span style=\"color: #ffffff;\"><strong><span style=\"font-family: microsoft yahei;\"><span style=\"background-color: #e06666;\"><span style=\"background-color: #ffffff;\"><span style=\"background-color: #000000;\"><strong><span style=\"background-color: #ffffff;\"><span style=\"background-color: #e06666;\"><span style=\"background-color: #ffffff;\"><span style=\"background-color: #000000;\"><span style=\"background-color: #fe0086;\"><strong><span style=\"background-color: #ffffff;\"><span style=\"background-color: #e06666;\"><span style=\"background-color: #ffffff;\"><span style=\"background-color: #000000;\"><span style=\"background-color: #fe0086;\"><span style=\"background-color: #ffffff;\"><span style=\"background-color: #ff0000;\"></span></span></span></span></span></span></span></strong></span></span></span></span></span></strong></span></span></span></span></strong></span></span></p><p align=\"center\" style=\"color: #000000;\"><span style=\"font-size: 36.0px;\"><span style=\"color: #ffffff;\"><strong><span style=\"font-family: microsoft yahei;\"><span style=\"background-color: #e06666;\"><span style=\"background-color: #ffffff;\"><span style=\"background-color: #000000;\"><strong><span style=\"background-color: #ffffff;\"><span style=\"background-color: #e06666;\"><span style=\"background-color: #ffffff;\"><span style=\"background-color: #000000;\"><span style=\"background-color: #fe0086;\"><strong><span style=\"background-color: #ffffff;\"><span style=\"background-color: #e06666;\"><span style=\"background-color: #ffffff;\"><span style=\"background-color: #000000;\"><span style=\"background-color: #fe0086;\"><span style=\"background-color: #ffffff;\"><span style=\"background-color: #ff0000;\">抢拍去吧！</span></span></span></span></span></span></span></strong></span></span></span></span></span></strong></span></span></span></span></strong></span></span></p><p align=\"center\" style=\"color: #000000;\"><span style=\"font-size: 36.0px;\"><span style=\"color: #ffffff;\"><strong><span style=\"font-family: microsoft yahei;\"><span style=\"background-color: #e06666;\"><span style=\"background-color: #ffffff;\"><span style=\"background-color: #000000;\"><strong><span style=\"background-color: #ffffff;\"><span style=\"background-color: #e06666;\"><span style=\"background-color: #ffffff;\"><span style=\"background-color: #000000;\"><span style=\"background-color: #fe0086;\"><strong><span style=\"background-color: #ffffff;\"><span style=\"background-color: #e06666;\"><span style=\"background-color: #ffffff;\"><span style=\"background-color: #000000;\"><span style=\"background-color: #fe0086;\"><span style=\"background-color: #ffffff;\"><span style=\"background-color: #ff0000;\"><font size=\"3\"></font></span></span></span></span></span></span></span></strong></span></span></span></span></span></strong></span></span></span></span></strong></span></span></p><p align=\"center\" style=\"color: #000000;\"><span style=\"font-size: 36.0px;\"><span style=\"color: #ffffff;\"><strong><span style=\"font-family: microsoft yahei;\"><span style=\"background-color: #e06666;\"><span style=\"background-color: #ffffff;\"><span style=\"background-color: #000000;\"><strong><span style=\"background-color: #ffffff;\"><span style=\"background-color: #e06666;\"><span style=\"background-color: #ffffff;\"><span style=\"background-color: #000000;\"><span style=\"background-color: #fe0086;\"><strong><span style=\"background-color: #ffffff;\"><span style=\"background-color: #e06666;\"><span style=\"background-color: #ffffff;\"><span style=\"background-color: #000000;\"><span style=\"background-color: #fe0086;\"><span style=\"background-color: #ffffff;\"><span style=\"background-color: #ff0000;\"><font size=\"3\"></font></span></span></span></span></span></span></span></strong></span></span></span></span></span></strong></span></span></span></span></strong></span></span></p><p align=\"center\" style=\"color: #000000;text-align: center;\"><span style=\"color: #ff0000;\"><span style=\"font-size: 13.5pt;font-family: 黑体;\"><span style=\"background-color: #ffff00;\"></span></span></span></p><p style=\"color: #000000;text-align: center;\"><span style=\"font-size: 24.0px;color: #ffff00;line-height: 36.0px;\"><strong><span style=\"font-family: microsoft yahei;\"><span style=\"background-color: #e06666;\"><span style=\"background-color: #ffffff;\"><span style=\"background-color: #000000;\">买的越早优惠越多！新品上架</span></span></span></span><span style=\"font-family: microsoft yahei;\"><span style=\"background-color: #e06666;\"><span style=\"background-color: #ffffff;\"><span style=\"background-color: #000000;\">大促！</span></span></span></span></strong></span><span style=\"font-size: 24.0px;color: #ffff00;line-height: 36.0px;\"><strong><span style=\"font-family: microsoft yahei;\"><span style=\"background-color: #e06666;\"><span style=\"background-color: #ffffff;\"><span style=\"background-color: #000000;\">不定时涨价中......<img align=\"absmiddle\" src=\"https://img.alicdn.com/imgextra/i4/2251899123/TB20V.XdFXXXXXXXpXXXXXXXXXX-2251899123.jpg\"><img align=\"absmiddle\" src=\"https://img.alicdn.com/imgextra/i2/2251899123/TB2WwsJdFXXXXcIXXXXXXXXXXXX-2251899123.jpg\"> <img align=\"absmiddle\" src=\"https://img.alicdn.com/imgextra/i1/2251899123/TB28.7kdFXXXXanXXXXXXXXXXXX-2251899123.jpg\"><img align=\"absmiddle\" src=\"https://img.alicdn.com/imgextra/i4/2251899123/TB2AKgFdFXXXXXTXXXXXXXXXXXX_!!2251899123.jpg\"> <img align=\"absmiddle\" src=\"https://img.alicdn.com/imgextra/i2/2251899123/TB2mxnWdFXXXXcuXpXXXXXXXXXX-2251899123.jpg\"><img align=\"absmiddle\" src=\"https://img.alicdn.com/imgextra/i2/2251899123/TB2WBobdFXXXXcIXXXXXXXXXXXX-2251899123.jpg\"><img align=\"absmiddle\" src=\"https://img.alicdn.com/imgextra/i4/2251899123/TB2IuAedFXXXXbtXXXXXXXXXXXX-2251899123.jpg\"><img align=\"absmiddle\" src=\"https://img.alicdn.com/imgextra/i4/2251899123/TB2XHb0dFXXXXb6XpXXXXXXXXXX-2251899123.jpg\"><img align=\"absmiddle\" src=\"https://img.alicdn.com/imgextra/i4/2251899123/TB2gNfUdFXXXXcTXpXXXXXXXXXX-2251899123.jpg\"><img align=\"absmiddle\" src=\"https://img.alicdn.com/imgextra/i2/2251899123/TB2A4ZndFXXXXXFXXXXXXXXXXXX-2251899123.jpg\"><img align=\"absmiddle\" src=\"https://img.alicdn.com/imgextra/i3/2251899123/TB2.En0dFXXXXbqXpXXXXXXXXXX-2251899123.jpg\"><img align=\"absmiddle\" src=\"https://img.alicdn.com/imgextra/i3/2251899123/TB2oOchdFXXXXa9XXXXXXXXXXXX-2251899123.jpg\"><img align=\"absmiddle\" src=\"https://img.alicdn.com/imgextra/i3/2251899123/TB2AhgadFXXXXcMXXXXXXXXXXXX-2251899123.jpg\"><img align=\"absmiddle\" src=\"https://img.alicdn.com/imgextra/i3/2251899123/TB2oXn_dFXXXXXpXpXXXXXXXXXX-2251899123.jpg\"><img align=\"absmiddle\" src=\"https://img.alicdn.com/imgextra/i1/2251899123/TB2oqgddFXXXXb.XXXXXXXXXXXX-2251899123.jpg\"><img align=\"absmiddle\" src=\"https://img.alicdn.com/imgextra/i4/2251899123/TB2IL3edFXXXXbVXXXXXXXXXXXX-2251899123.jpg\"><img align=\"absmiddle\" src=\"https://img.alicdn.com/imgextra/i4/2251899123/TB2g5rZdFXXXXbVXpXXXXXXXXXX-2251899123.jpg\"><img align=\"absmiddle\" src=\"https://img.alicdn.com/imgextra/i1/2251899123/TB2sVAfdFXXXXbTXXXXXXXXXXXX-2251899123.jpg\"> </span></span></span></span></strong></span></p>', '1', '', '', '', '1438935402', '2', '0', '0');
INSERT INTO `ke_goods` VALUES ('438', '45557292713', '2015夏季男士短袖T恤纯棉骷髅头印花圆领修身体恤韩版男装半袖潮', '1', '0', 'taobao', '', '', '1', 'admin', '', '29.90', '99.00', '0', '0', 'http://img3.tbcdn.cn/tfscom/i2/TB1qxdvIpXXXXcUXXXXXXXXXXXX_!!0-item_pic.jpg', 'http://item.taobao.com/item.htm?id=45557292713', null, '', '', '', '1', '', '', '', '1438935497', '0', '0', '0');
INSERT INTO `ke_goods` VALUES ('439', '44304679973', '2015夏季男装体恤衫韩版修身型夏装潮男士大码休闲V领印花短袖T恤', '1', '0', 'taobao', '', '', '1', 'admin', '', '39.00', '168.00', '0', '0', 'http://img4.tbcdn.cn/tfscom/i4/TB1qhiIHpXXXXX6XFXXXXXXXXXX_!!0-item_pic.jpg', 'http://item.taobao.com/item.htm?id=44304679973', null, '', '', '', '1', '', '', '', '1438935497', '0', '0', '0');
INSERT INTO `ke_goods` VALUES ('440', '37496714009', '男士短袖T恤韩版夏季纯棉印花圆领修身体恤 青春男装半袖潮上衣服', '1', '0', 'taobao', '', '', '1', 'admin', '', '19.90', '98.00', '0', '0', 'http://img1.tbcdn.cn/tfscom/i1/TB1JNSyFFXXXXX4apXXXXXXXXXX_!!0-item_pic.jpg', 'http://item.taobao.com/item.htm?id=37496714009', null, '', '', '', '1', '', '', '', '1438935497', '0', '0', '0');
INSERT INTO `ke_goods` VALUES ('441', '45197266302', '2015夏季t恤男士短袖韩版修身V领纯棉半袖衣服潮男装学生印花t恤', '1', '0', 'taobao', '', '', '1', 'admin', '', '39.00', '199.00', '0', '0', 'http://img4.tbcdn.cn/tfscom/i3/TB1WxNQHFXXXXcTapXXXXXXXXXX_!!0-item_pic.jpg', 'http://item.taobao.com/item.htm?id=45197266302', null, '', '', '', '1', '', '', '', '1438935497', '0', '0', '0');
INSERT INTO `ke_goods` VALUES ('442', '37740461472', '夏装中年男士短袖t恤衫 翻领polo中老年大码男装上衣服夏季爸爸装', '1', '0', 'taobao', '', '', '1', 'admin', '', '65.00', '168.00', '0', '0', 'http://img4.tbcdn.cn/tfscom/i3/TB14W6uGVXXXXauapXXXXXXXXXX_!!1-item_pic.gif', 'http://item.taobao.com/item.htm?id=37740461472', null, '', '', '', '1', '', '', '', '1438935497', '0', '0', '0');
INSERT INTO `ke_goods` VALUES ('443', '44000862263', '2015夏季个性卡通短袖T恤男士日系潮男印花半袖韩版修身潮男装', '1', '0', 'taobao', '', '', '1', 'admin', '', '25.00', '99.00', '0', '0', 'http://img4.tbcdn.cn/tfscom/i4/TB1_ouEHFXXXXcYaXXXXXXXXXXX_!!0-item_pic.jpg', 'http://item.taobao.com/item.htm?id=44000862263', null, '', '', '', '1', '', '', '', '1438935497', '0', '0', '0');
INSERT INTO `ke_goods` VALUES ('444', '45594870813', '夏季T恤男士短袖潮男装青春日系修身圆领泼墨印花t恤半袖休闲体恤', '1', '0', 'taobao', '', '', '1', 'admin', '', '34.00', '98.00', '0', '0', 'http://img1.tbcdn.cn/tfscom/i1/TB161nZIXXXXXcZXpXXXXXXXXXX_!!0-item_pic.jpg', 'http://item.taobao.com/item.htm?id=45594870813', null, '', '', '', '1', '', '', '', '1438935497', '0', '0', '0');
INSERT INTO `ke_goods` VALUES ('445', '44189230799', '新款夏季男装加肥短袖男加大码胖子t恤宽松男装纯棉运动大号体恤', '1', '0', 'taobao', '', '', '1', 'admin', '', '18.00', '78.00', '0', '0', 'http://img4.tbcdn.cn/tfscom/i1/TB157RPHpXXXXXhXFXXXXXXXXXX_!!0-item_pic.jpg', 'http://item.taobao.com/item.htm?id=44189230799', null, '', '', '', '1', '', '', '', '1438935497', '0', '0', '0');
INSERT INTO `ke_goods` VALUES ('446', '44808393678', '男士短袖t恤夏季韩版修身半袖体恤衫潮印花圆领t桖男装夏天上衣服', '1', '0', 'taobao', '', '', '1', 'admin', '', '31.00', '79.00', '0', '0', 'http://img2.tbcdn.cn/tfscom/i2/TB1vwLjHVXXXXaKXXXXXXXXXXXX_!!0-item_pic.jpg', 'http://item.taobao.com/item.htm?id=44808393678', null, '', '', '', '1', '', '', '', '1438935497', '0', '0', '0');
INSERT INTO `ke_goods` VALUES ('447', '520184615372', 'JVR 2015韩版男装夏季新款青春男士短袖T恤圆领体恤打底衫修身潮', '1', '0', 'taobao', '', '', '1', 'admin', '', '15.80', '19.70', '0', '0', 'http://img2.tbcdn.cn/tfscom/i4/TB1xgHEHFXXXXbXaXXXXXXXXXXX_!!0-item_pic.jpg', 'http://item.taobao.com/item.htm?id=520184615372', null, '', '', '', '1', '', '', '', '1438935497', '0', '0', '0');
INSERT INTO `ke_goods` VALUES ('448', '43447640699', '2015夏季短袖t恤男韩版修身衣服男士短袖t恤夏季男装印花半袖T恤', '1', '0', 'taobao', '', '', '1', 'admin', '', '8.90', '49.00', '0', '0', 'http://img2.tbcdn.cn/tfscom/i2/TB1syhrIpXXXXc1XXXXXXXXXXXX_!!0-item_pic.jpg', 'http://item.taobao.com/item.htm?id=43447640699', null, '', '', '', '1', '', '', '', '1438935504', '0', '0', '0');
INSERT INTO `ke_goods` VALUES ('449', '37242727611', '夏季圆领印花T恤 男 男士短袖T恤纯棉青少年学生青春男装潮上衣服', '1', '0', 'taobao', '', '', '1', 'admin', '', '19.99', '98.00', '0', '0', 'http://img4.tbcdn.cn/tfscom/i3/TB1pbtoIXXXXXagXFXXXXXXXXXX_!!0-item_pic.jpg', 'http://item.taobao.com/item.htm?id=37242727611', null, '', '', '', '1', '', '', '', '1438935504', '0', '0', '0');
INSERT INTO `ke_goods` VALUES ('450', '37301356780', '男士短袖T恤韩版潮2015夏季纯棉印花圆领修身青春男装男人夏装', '1', '0', 'taobao', '', '', '1', 'admin', '', '19.80', '98.00', '0', '0', 'http://img2.tbcdn.cn/tfscom/i3/TB1mOJ5HFXXXXcVXVXXXXXXXXXX_!!0-item_pic.jpg', 'http://item.taobao.com/item.htm?id=37301356780', null, '', '', '', '1', '', '', '', '1438935504', '0', '0', '0');
INSERT INTO `ke_goods` VALUES ('451', '44367734237', '夏季新款男士短袖T恤 潮男装V领大码体恤韩版修身印花半袖男衣服', '1', '0', 'taobao', '', '', '1', 'admin', '', '29.90', '178.00', '0', '0', 'http://img4.tbcdn.cn/tfscom/i4/TB1OXjbHpXXXXXpXXXXXXXXXXXX_!!0-item_pic.jpg', 'http://item.taobao.com/item.htm?id=44367734237', null, '', '', '', '1', '', '', '', '1438935504', '0', '0', '0');
INSERT INTO `ke_goods` VALUES ('452', '44050311953', 'gusskater夏装新款男装T恤 男上衣潮 韩版印花男士短袖t恤 男半袖', '1', '0', 'taobao', '', '', '1', 'admin', '', '39.00', '139.00', '0', '0', 'http://img4.tbcdn.cn/tfscom/i4/TB1JAvzHFXXXXXfXpXXXXXXXXXX_!!0-item_pic.jpg', 'http://item.taobao.com/item.htm?id=44050311953', null, '', '', '', '1', '', '', '', '1438935504', '0', '0', '0');
INSERT INTO `ke_goods` VALUES ('453', '45630509713', '2015夏季男士短袖T恤日系修身V领半袖青少年休闲上衣打底衫潮男装', '1', '0', 'taobao', '', '', '1', 'admin', '', '26.56', '64.00', '0', '0', 'http://img3.tbcdn.cn/tfscom/i3/TB1M9boHVXXXXahaXXXXXXXXXXX_!!0-item_pic.jpg', 'http://item.taobao.com/item.htm?id=45630509713', null, '', '', '', '1', '', '', '', '1438935504', '0', '0', '0');
INSERT INTO `ke_goods` VALUES ('454', '37421933185', '特贝凡西短袖t恤男韩版修身半袖T恤男士纯色短袖男装夏季潮打底衫', '1', '0', 'taobao', '', '', '1', 'admin', '', '19.80', '99.00', '0', '0', 'http://img2.tbcdn.cn/tfscom/i4/TB1y0_OHpXXXXX4XpXXXXXXXXXX_!!0-item_pic.jpg', 'http://item.taobao.com/item.htm?id=37421933185', null, '', '', '', '1', '', '', '', '1438935504', '0', '0', '0');
INSERT INTO `ke_goods` VALUES ('455', '44380105787', '慈客隆2015新款夏季潮男装印花半袖男士圆领短袖t恤衫韩版修身T恤', '1', '0', 'taobao', '', '', '1', 'admin', '', '9.98', '88.00', '0', '0', 'http://img3.tbcdn.cn/tfscom/i2/TB1xqA1HpXXXXcyaXXXXXXXXXXX_!!0-item_pic.jpg', 'http://item.taobao.com/item.htm?id=44380105787', null, '', '', '', '1', '', '', '', '1438935504', '0', '0', '0');
INSERT INTO `ke_goods` VALUES ('456', '520887543216', '2015男装春秋新款男士卫衣韩版修身外套青年情侣学生运动服套装潮', '1', '0', 'taobao', '', '', '1', 'admin', '', '118.00', '398.00', '0', '0', 'http://img3.tbcdn.cn/tfscom/i1/TB1uuK.FVXXXXcCXpXXXXXXXXXX_!!0-item_pic.jpg', 'http://item.taobao.com/item.htm?id=520887543216', null, '', '', '', '1', '', '', '', '1438935504', '0', '0', '0');
INSERT INTO `ke_goods` VALUES ('457', '45803782317', '2015新款夏季日系复古男士短袖T恤半袖男装韩版夏天潮流圆领体恤', '1', '0', 'taobao', '', '', '1', 'admin', '', '19.80', '39.00', '0', '0', 'http://img2.tbcdn.cn/tfscom/i1/TB1xSpPIpXXXXXLXpXXXXXXXXXX_!!0-item_pic.jpg', 'http://item.taobao.com/item.htm?id=45803782317', null, '', '', '', '1', '', '', '', '1438935504', '0', '0', '0');
INSERT INTO `ke_goods` VALUES ('458', '23232608559', '特贝凡西短袖t恤男韩版修身衣服男士短袖t恤夏季男装印花半袖T恤', '1', '0', 'taobao', '', '', '1', 'admin', '', '19.80', '79.00', '0', '0', 'http://img2.tbcdn.cn/tfscom/i2/12867024482435985/T1tbSsXvXfXXXXXXXX_!!0-item_pic.jpg', 'http://item.taobao.com/item.htm?id=23232608559', null, '', '', '', '1', '', '', '', '1438935510', '0', '0', '0');
INSERT INTO `ke_goods` VALUES ('459', '44739041098', '男装短袖t恤套装大码T恤衫休闲夏季短裤韩版潮男式运动服2015夏新', '1', '0', 'taobao', '', '', '1', 'admin', '', '73.00', '158.00', '0', '0', 'http://img3.tbcdn.cn/tfscom/i4/TB1iJx1IVXXXXXaXXXXXXXXXXXX_!!0-item_pic.jpg', 'http://item.taobao.com/item.htm?id=44739041098', null, '', '', '', '1', '', '', '', '1438935510', '0', '0', '0');
INSERT INTO `ke_goods` VALUES ('460', '44208320792', '2015新款夏季春款男士短袖T恤半袖男装韩版夏天男式日系潮流圆领', '1', '0', 'taobao', '', '', '1', 'admin', '', '9.90', '98.00', '0', '0', 'http://img2.tbcdn.cn/tfscom/i4/TB1HeZ4GVXXXXb6aXXXXXXXXXXX_!!0-item_pic.jpg', 'http://item.taobao.com/item.htm?id=44208320792', null, '', '', '', '1', '', '', '', '1438935510', '0', '0', '0');
INSERT INTO `ke_goods` VALUES ('461', '520652735334', '秋冬男士大码卫衣加绒套装韩版棒球服休闲运动新款外套开衫男装潮', '1', '0', 'taobao', '', '', '1', 'admin', '', '138.00', '263.00', '0', '0', 'http://img1.tbcdn.cn/tfscom/i2/TB1ElyWIFXXXXcCXFXXXXXXXXXX_!!0-item_pic.jpg', 'http://item.taobao.com/item.htm?id=520652735334', null, '', '', '', '1', '', '', '', '1438935510', '0', '0', '0');
INSERT INTO `ke_goods` VALUES ('462', '45813208327', '男式立领卫衣外套潮休闲运动套装修身春秋薄款大码棒球服特价包邮', '1', '0', 'taobao', '', '', '1', 'admin', '', '85.00', '85.00', '0', '0', 'http://img2.tbcdn.cn/tfscom/i3/TB1mAF1IVXXXXaQXXXXXXXXXXXX_!!0-item_pic.jpg', 'http://item.taobao.com/item.htm?id=45813208327', null, '', '', '', '1', '', '', '', '1438935510', '0', '0', '0');
INSERT INTO `ke_goods` VALUES ('463', '520817150535', '秋冬季男装棉涤连帽卫衣套装韩版修身青少年大码长袖棒球服套装男', '1', '0', 'taobao', '', '', '1', 'admin', '', '99.00', '330.00', '0', '0', 'http://img3.tbcdn.cn/tfscom/i1/TB1MrZGIFXXXXbZXpXXXXXXXXXX_!!0-item_pic.jpg', 'http://item.taobao.com/item.htm?id=520817150535', null, '', '', '', '1', '', '', '', '1438935510', '0', '0', '0');
INSERT INTO `ke_goods` VALUES ('464', '45186525755', '男士短袖t恤夏季休闲运动套装学生男装修身薄款短裤5五分裤沙滩裤', '1', '0', 'taobao', '', '', '1', 'admin', '', '69.00', '299.00', '0', '0', 'http://img3.tbcdn.cn/tfscom/i3/TB1KbLWHFXXXXbEXFXXXXXXXXXX_!!0-item_pic.jpg', 'http://item.taobao.com/item.htm?id=45186525755', null, '', '', '', '1', '', '', '', '1438935510', '0', '0', '0');
INSERT INTO `ke_goods` VALUES ('465', '520614205225', '2015秋季男装兰博基尼运动卫衣套装青少年开衫大码长袖套装棒球服', '1', '0', 'taobao', '', '', '1', 'admin', '', '99.00', '419.00', '0', '0', 'http://img3.tbcdn.cn/tfscom/i1/TB1D1WaIpXXXXcEaXXXXXXXXXXX_!!0-item_pic.jpg', 'http://item.taobao.com/item.htm?id=520614205225', null, '', '', '', '1', '', '', '', '1438935510', '0', '0', '0');
INSERT INTO `ke_goods` VALUES ('466', '520869737681', '秋装原创连帽卫衣男套装休闲运动套头连帽卫衣潮韩版学生运动男装', '1', '0', 'taobao', '', '', '1', 'admin', '', '119.00', '398.00', '0', '0', 'http://img2.tbcdn.cn/tfscom/i1/TB1US31IXXXXXaOapXXXXXXXXXX_!!0-item_pic.jpg', 'http://item.taobao.com/item.htm?id=520869737681', null, '', '', '', '1', '', '', '', '1438935510', '0', '0', '0');
INSERT INTO `ke_goods` VALUES ('467', '520866975786', '2015秋季男士外套长袖情侣套装男韩版修身纯棉多色运动大码男装潮', '1', '0', 'taobao', '', '', '1', 'admin', '', '139.80', '699.00', '0', '0', 'http://img3.tbcdn.cn/tfscom/i3/TB1e7utIFXXXXXiXVXXXXXXXXXX_!!0-item_pic.jpg', 'http://item.taobao.com/item.htm?id=520866975786', null, '', '', '', '1', '', '', '', '1438935510', '0', '0', '0');

-- ----------------------------
-- Table structure for `ke_hooks`
-- ----------------------------
DROP TABLE IF EXISTS `ke_hooks`;
CREATE TABLE `ke_hooks` (
  `id` int(10) unsigned NOT NULL AUTO_INCREMENT COMMENT '主键',
  `name` varchar(40) NOT NULL DEFAULT '' COMMENT '钩子名称',
  `description` text NOT NULL COMMENT '描述',
  `type` tinyint(1) unsigned NOT NULL DEFAULT '1' COMMENT '类型',
  `update_time` int(10) unsigned NOT NULL DEFAULT '0' COMMENT '更新时间',
  `addons` varchar(255) NOT NULL DEFAULT '' COMMENT '钩子挂载的插件 ''，''分割',
  PRIMARY KEY (`id`),
  UNIQUE KEY `name` (`name`)
) ENGINE=MyISAM AUTO_INCREMENT=17 DEFAULT CHARSET=utf8;

-- ----------------------------
-- Records of ke_hooks
-- ----------------------------
INSERT INTO `ke_hooks` VALUES ('1', 'pageHeader', '页面header钩子，一般用于加载插件CSS文件和代码', '1', '0', '');
INSERT INTO `ke_hooks` VALUES ('2', 'pageFooter', '页面footer钩子，一般用于加载插件JS文件和JS代码', '1', '0', 'ReturnTop');
INSERT INTO `ke_hooks` VALUES ('3', 'documentEditForm', '添加编辑表单的 扩展内容钩子', '1', '0', 'Attachment');
INSERT INTO `ke_hooks` VALUES ('4', 'documentDetailAfter', '文档末尾显示', '1', '0', 'Attachment,SocialComment');
INSERT INTO `ke_hooks` VALUES ('5', 'documentDetailBefore', '页面内容前显示用钩子', '1', '0', '');
INSERT INTO `ke_hooks` VALUES ('6', 'documentSaveComplete', '保存文档数据后的扩展钩子', '2', '0', 'Attachment');
INSERT INTO `ke_hooks` VALUES ('7', 'documentEditFormContent', '添加编辑表单的内容显示钩子', '1', '0', 'Editor');
INSERT INTO `ke_hooks` VALUES ('8', 'adminArticleEdit', '后台内容编辑页编辑器', '1', '1378982734', 'EditorForAdmin');
INSERT INTO `ke_hooks` VALUES ('13', 'AdminIndex', '首页小格子个性化显示', '1', '1382596073', 'SiteStat,SystemInfo,DevTeam');
INSERT INTO `ke_hooks` VALUES ('14', 'topicComment', '评论提交方式扩展钩子。', '1', '1380163518', 'Editor');
INSERT INTO `ke_hooks` VALUES ('16', 'app_begin', '应用开始', '2', '1384481614', '');

-- ----------------------------
-- Table structure for `ke_link`
-- ----------------------------
DROP TABLE IF EXISTS `ke_link`;
CREATE TABLE `ke_link` (
  `lid` mediumint(5) unsigned NOT NULL AUTO_INCREMENT,
  `title` varchar(255) NOT NULL DEFAULT '' COMMENT '标题',
  `href` varchar(255) NOT NULL DEFAULT '' COMMENT '连接',
  `img` varchar(255) NOT NULL DEFAULT '' COMMENT '图片',
  `order` mediumint(2) unsigned NOT NULL DEFAULT '0' COMMENT '排序',
  `type` tinyint(1) NOT NULL DEFAULT '0' COMMENT '连接',
  PRIMARY KEY (`lid`)
) ENGINE=MyISAM DEFAULT CHARSET=utf8;

-- ----------------------------
-- Records of ke_link
-- ----------------------------

-- ----------------------------
-- Table structure for `ke_member`
-- ----------------------------
DROP TABLE IF EXISTS `ke_member`;
CREATE TABLE `ke_member` (
  `uid` int(10) unsigned NOT NULL AUTO_INCREMENT COMMENT '用户ID',
  `nickname` char(16) NOT NULL DEFAULT '' COMMENT '昵称',
  `avatar` varchar(255) NOT NULL,
  `sex` tinyint(3) unsigned NOT NULL DEFAULT '0' COMMENT '性别',
  `birthday` date NOT NULL DEFAULT '0000-00-00' COMMENT '生日',
  `qq` char(10) NOT NULL DEFAULT '' COMMENT 'qq号',
  `score` mediumint(8) NOT NULL DEFAULT '0' COMMENT '用户积分',
  `login` int(10) unsigned NOT NULL DEFAULT '0' COMMENT '登录次数',
  `reg_ip` bigint(20) NOT NULL DEFAULT '0' COMMENT '注册IP',
  `reg_time` int(10) unsigned NOT NULL DEFAULT '0' COMMENT '注册时间',
  `last_login_ip` bigint(20) NOT NULL DEFAULT '0' COMMENT '最后登录IP',
  `last_login_time` int(10) unsigned NOT NULL DEFAULT '0' COMMENT '最后登录时间',
  `status` tinyint(4) NOT NULL DEFAULT '0' COMMENT '会员状态',
  PRIMARY KEY (`uid`),
  KEY `status` (`status`)
) ENGINE=MyISAM AUTO_INCREMENT=4 DEFAULT CHARSET=utf8 COMMENT='会员表';

-- ----------------------------
-- Records of ke_member
-
-- ----------------------------
-- Table structure for `ke_menu`
-- ----------------------------
DROP TABLE IF EXISTS `ke_menu`;
CREATE TABLE `ke_menu` (
  `id` int(10) unsigned NOT NULL AUTO_INCREMENT COMMENT '文档ID',
  `title` varchar(50) NOT NULL DEFAULT '' COMMENT '标题',
  `pid` int(10) unsigned NOT NULL DEFAULT '0' COMMENT '上级分类ID',
  `sort` int(10) unsigned NOT NULL DEFAULT '0' COMMENT '排序（同级有效）',
  `url` char(255) NOT NULL DEFAULT '' COMMENT '链接地址',
  `hide` tinyint(1) unsigned NOT NULL DEFAULT '0' COMMENT '是否隐藏',
  `tip` varchar(255) NOT NULL DEFAULT '' COMMENT '提示',
  `group` varchar(50) DEFAULT '' COMMENT '分组',
  `is_dev` tinyint(1) unsigned NOT NULL DEFAULT '0' COMMENT '是否仅开发者模式可见',
  PRIMARY KEY (`id`),
  KEY `pid` (`pid`)
) ENGINE=MyISAM AUTO_INCREMENT=141 DEFAULT CHARSET=utf8;

-- ----------------------------
-- Records of ke_menu
-- ----------------------------
INSERT INTO `ke_menu` VALUES ('1', '首页', '0', '1', 'Index/index', '0', '', '', '0');
INSERT INTO `ke_menu` VALUES ('2', '内容', '0', '2', 'Article/mydocument', '0', '', '', '0');
INSERT INTO `ke_menu` VALUES ('3', '文档列表', '2', '0', 'article/index', '1', '', '内容', '0');
INSERT INTO `ke_menu` VALUES ('4', '新增', '3', '0', 'article/add', '0', '', '', '0');
INSERT INTO `ke_menu` VALUES ('5', '编辑', '3', '0', 'article/edit', '0', '', '', '0');
INSERT INTO `ke_menu` VALUES ('6', '改变状态', '3', '0', 'article/setStatus', '0', '', '', '0');
INSERT INTO `ke_menu` VALUES ('7', '保存', '3', '0', 'article/update', '0', '', '', '0');
INSERT INTO `ke_menu` VALUES ('8', '保存草稿', '3', '0', 'article/autoSave', '0', '', '', '0');
INSERT INTO `ke_menu` VALUES ('9', '移动', '3', '0', 'article/move', '0', '', '', '0');
INSERT INTO `ke_menu` VALUES ('10', '复制', '3', '0', 'article/copy', '0', '', '', '0');
INSERT INTO `ke_menu` VALUES ('11', '粘贴', '3', '0', 'article/paste', '0', '', '', '0');
INSERT INTO `ke_menu` VALUES ('12', '导入', '3', '0', 'article/batchOperate', '0', '', '', '0');
INSERT INTO `ke_menu` VALUES ('13', '回收站', '2', '0', 'article/recycle', '1', '', '内容', '0');
INSERT INTO `ke_menu` VALUES ('14', '还原', '13', '0', 'article/permit', '0', '', '', '0');
INSERT INTO `ke_menu` VALUES ('15', '清空', '13', '0', 'article/clear', '0', '', '', '0');
INSERT INTO `ke_menu` VALUES ('16', '用户', '0', '3', 'User/index', '0', '', '', '0');
INSERT INTO `ke_menu` VALUES ('17', '用户信息', '16', '0', 'User/index', '0', '', '用户管理', '0');
INSERT INTO `ke_menu` VALUES ('18', '新增用户', '17', '0', 'User/add', '0', '添加新用户', '', '0');
INSERT INTO `ke_menu` VALUES ('19', '用户行为', '16', '0', 'User/action', '0', '', '行为管理', '0');
INSERT INTO `ke_menu` VALUES ('20', '新增用户行为', '19', '0', 'User/addaction', '0', '', '', '0');
INSERT INTO `ke_menu` VALUES ('21', '编辑用户行为', '19', '0', 'User/editaction', '0', '', '', '0');
INSERT INTO `ke_menu` VALUES ('22', '保存用户行为', '19', '0', 'User/saveAction', '0', '\"用户->用户行为\"保存编辑和新增的用户行为', '', '0');
INSERT INTO `ke_menu` VALUES ('23', '变更行为状态', '19', '0', 'User/setStatus', '0', '\"用户->用户行为\"中的启用,禁用和删除权限', '', '0');
INSERT INTO `ke_menu` VALUES ('24', '禁用会员', '19', '0', 'User/changeStatus?method=forbidUser', '0', '\"用户->用户信息\"中的禁用', '', '0');
INSERT INTO `ke_menu` VALUES ('25', '启用会员', '19', '0', 'User/changeStatus?method=resumeUser', '0', '\"用户->用户信息\"中的启用', '', '0');
INSERT INTO `ke_menu` VALUES ('26', '删除会员', '19', '0', 'User/changeStatus?method=deleteUser', '0', '\"用户->用户信息\"中的删除', '', '0');
INSERT INTO `ke_menu` VALUES ('27', '权限管理', '16', '0', 'AuthManager/index', '0', '', '用户管理', '0');
INSERT INTO `ke_menu` VALUES ('28', '删除', '27', '0', 'AuthManager/changeStatus?method=deleteGroup', '0', '删除用户组', '', '0');
INSERT INTO `ke_menu` VALUES ('29', '禁用', '27', '0', 'AuthManager/changeStatus?method=forbidGroup', '0', '禁用用户组', '', '0');
INSERT INTO `ke_menu` VALUES ('30', '恢复', '27', '0', 'AuthManager/changeStatus?method=resumeGroup', '0', '恢复已禁用的用户组', '', '0');
INSERT INTO `ke_menu` VALUES ('31', '新增', '27', '0', 'AuthManager/createGroup', '0', '创建新的用户组', '', '0');
INSERT INTO `ke_menu` VALUES ('32', '编辑', '27', '0', 'AuthManager/editGroup', '0', '编辑用户组名称和描述', '', '0');
INSERT INTO `ke_menu` VALUES ('33', '保存用户组', '27', '0', 'AuthManager/writeGroup', '0', '新增和编辑用户组的\"保存\"按钮', '', '0');
INSERT INTO `ke_menu` VALUES ('34', '授权', '27', '0', 'AuthManager/group', '0', '\"后台 \\ 用户 \\ 用户信息\"列表页的\"授权\"操作按钮,用于设置用户所属用户组', '', '0');
INSERT INTO `ke_menu` VALUES ('35', '访问授权', '27', '0', 'AuthManager/access', '0', '\"后台 \\ 用户 \\ 权限管理\"列表页的\"访问授权\"操作按钮', '', '0');
INSERT INTO `ke_menu` VALUES ('36', '成员授权', '27', '0', 'AuthManager/user', '0', '\"后台 \\ 用户 \\ 权限管理\"列表页的\"成员授权\"操作按钮', '', '0');
INSERT INTO `ke_menu` VALUES ('37', '解除授权', '27', '0', 'AuthManager/removeFromGroup', '0', '\"成员授权\"列表页内的解除授权操作按钮', '', '0');
INSERT INTO `ke_menu` VALUES ('38', '保存成员授权', '27', '0', 'AuthManager/addToGroup', '0', '\"用户信息\"列表页\"授权\"时的\"保存\"按钮和\"成员授权\"里右上角的\"添加\"按钮)', '', '0');
INSERT INTO `ke_menu` VALUES ('39', '分类授权', '27', '0', 'AuthManager/category', '0', '\"后台 \\ 用户 \\ 权限管理\"列表页的\"分类授权\"操作按钮', '', '0');
INSERT INTO `ke_menu` VALUES ('40', '保存分类授权', '27', '0', 'AuthManager/addToCategory', '0', '\"分类授权\"页面的\"保存\"按钮', '', '0');
INSERT INTO `ke_menu` VALUES ('41', '模型授权', '27', '0', 'AuthManager/modelauth', '0', '\"后台 \\ 用户 \\ 权限管理\"列表页的\"模型授权\"操作按钮', '', '0');
INSERT INTO `ke_menu` VALUES ('42', '保存模型授权', '27', '0', 'AuthManager/addToModel', '0', '\"分类授权\"页面的\"保存\"按钮', '', '0');
INSERT INTO `ke_menu` VALUES ('43', '扩展', '0', '7', 'Addons/index', '0', '', '', '0');
INSERT INTO `ke_menu` VALUES ('44', '插件管理', '43', '1', 'Addons/index', '0', '', '扩展', '0');
INSERT INTO `ke_menu` VALUES ('45', '创建', '44', '0', 'Addons/create', '0', '服务器上创建插件结构向导', '', '0');
INSERT INTO `ke_menu` VALUES ('46', '检测创建', '44', '0', 'Addons/checkForm', '0', '检测插件是否可以创建', '', '0');
INSERT INTO `ke_menu` VALUES ('47', '预览', '44', '0', 'Addons/preview', '0', '预览插件定义类文件', '', '0');
INSERT INTO `ke_menu` VALUES ('48', '快速生成插件', '44', '0', 'Addons/build', '0', '开始生成插件结构', '', '0');
INSERT INTO `ke_menu` VALUES ('49', '设置', '44', '0', 'Addons/config', '0', '设置插件配置', '', '0');
INSERT INTO `ke_menu` VALUES ('50', '禁用', '44', '0', 'Addons/disable', '0', '禁用插件', '', '0');
INSERT INTO `ke_menu` VALUES ('51', '启用', '44', '0', 'Addons/enable', '0', '启用插件', '', '0');
INSERT INTO `ke_menu` VALUES ('52', '安装', '44', '0', 'Addons/install', '0', '安装插件', '', '0');
INSERT INTO `ke_menu` VALUES ('53', '卸载', '44', '0', 'Addons/uninstall', '0', '卸载插件', '', '0');
INSERT INTO `ke_menu` VALUES ('54', '更新配置', '44', '0', 'Addons/saveconfig', '0', '更新插件配置处理', '', '0');
INSERT INTO `ke_menu` VALUES ('55', '插件后台列表', '44', '0', 'Addons/adminList', '0', '', '', '0');
INSERT INTO `ke_menu` VALUES ('56', 'URL方式访问插件', '44', '0', 'Addons/execute', '0', '控制是否有权限通过url访问插件控制器方法', '', '0');
INSERT INTO `ke_menu` VALUES ('57', '钩子管理', '43', '2', 'Addons/hooks', '0', '', '扩展', '0');
INSERT INTO `ke_menu` VALUES ('58', '模型管理', '68', '3', 'Model/index', '0', '', '系统设置', '0');
INSERT INTO `ke_menu` VALUES ('59', '新增', '58', '0', 'model/add', '0', '', '', '0');
INSERT INTO `ke_menu` VALUES ('60', '编辑', '58', '0', 'model/edit', '0', '', '', '0');
INSERT INTO `ke_menu` VALUES ('61', '改变状态', '58', '0', 'model/setStatus', '0', '', '', '0');
INSERT INTO `ke_menu` VALUES ('62', '保存数据', '58', '0', 'model/update', '0', '', '', '0');
INSERT INTO `ke_menu` VALUES ('63', '属性管理', '68', '0', 'Attribute/index', '1', '网站属性配置。', '', '0');
INSERT INTO `ke_menu` VALUES ('64', '新增', '63', '0', 'Attribute/add', '0', '', '', '0');
INSERT INTO `ke_menu` VALUES ('65', '编辑', '63', '0', 'Attribute/edit', '0', '', '', '0');
INSERT INTO `ke_menu` VALUES ('66', '改变状态', '63', '0', 'Attribute/setStatus', '0', '', '', '0');
INSERT INTO `ke_menu` VALUES ('67', '保存数据', '63', '0', 'Attribute/update', '0', '', '', '0');
INSERT INTO `ke_menu` VALUES ('68', '系统', '0', '4', 'Config/group', '0', '', '', '0');
INSERT INTO `ke_menu` VALUES ('69', '网站设置', '68', '1', 'Config/group', '0', '', '系统设置', '0');
INSERT INTO `ke_menu` VALUES ('70', '配置管理', '68', '4', 'Config/index', '0', '', '系统设置', '0');
INSERT INTO `ke_menu` VALUES ('71', '编辑', '70', '0', 'Config/edit', '0', '新增编辑和保存配置', '', '0');
INSERT INTO `ke_menu` VALUES ('72', '删除', '70', '0', 'Config/del', '0', '删除配置', '', '0');
INSERT INTO `ke_menu` VALUES ('73', '新增', '70', '0', 'Config/add', '0', '新增配置', '', '0');
INSERT INTO `ke_menu` VALUES ('74', '保存', '70', '0', 'Config/save', '0', '保存配置', '', '0');
INSERT INTO `ke_menu` VALUES ('75', '菜单管理', '68', '5', 'Menu/index', '0', '', '系统设置', '0');
INSERT INTO `ke_menu` VALUES ('76', '导航管理', '68', '6', 'Nav/index', '0', '', '系统设置', '0');
INSERT INTO `ke_menu` VALUES ('77', '新增', '76', '0', 'Nav/add', '0', '', '', '0');
INSERT INTO `ke_menu` VALUES ('78', '编辑', '76', '0', 'Nav/edit', '0', '', '', '0');
INSERT INTO `ke_menu` VALUES ('79', '删除', '76', '0', 'Navl/del', '0', '', '', '0');
INSERT INTO `ke_menu` VALUES ('80', '分类管理', '68', '2', 'Category/index', '0', '', '系统设置', '0');
INSERT INTO `ke_menu` VALUES ('81', '编辑', '80', '0', 'Category/edit', '0', '编辑和保存栏目分类', '', '0');
INSERT INTO `ke_menu` VALUES ('82', '新增', '80', '0', 'Category/add', '0', '新增栏目分类', '', '0');
INSERT INTO `ke_menu` VALUES ('83', '删除', '80', '0', 'Category/remove', '0', '删除栏目分类', '', '0');
INSERT INTO `ke_menu` VALUES ('84', '移动', '80', '0', 'Category/operate/type/move', '0', '移动栏目分类', '', '0');
INSERT INTO `ke_menu` VALUES ('85', '合并', '80', '0', 'Category/operate/type/merge', '0', '合并栏目分类', '', '0');
INSERT INTO `ke_menu` VALUES ('86', '备份数据库', '68', '0', 'Database/index?type=export', '0', '', '数据备份', '0');
INSERT INTO `ke_menu` VALUES ('87', '备份', '86', '0', 'Database/export', '0', '备份数据库', '', '0');
INSERT INTO `ke_menu` VALUES ('88', '优化表', '86', '0', 'Database/optimize', '0', '优化数据表', '', '0');
INSERT INTO `ke_menu` VALUES ('89', '修复表', '86', '0', 'Database/repair', '0', '修复数据表', '', '0');
INSERT INTO `ke_menu` VALUES ('90', '还原数据库', '68', '0', 'Database/index?type=import', '0', '', '数据备份', '0');
INSERT INTO `ke_menu` VALUES ('91', '恢复', '90', '0', 'Database/import', '0', '数据库恢复', '', '0');
INSERT INTO `ke_menu` VALUES ('92', '删除', '90', '0', 'Database/del', '0', '删除备份文件', '', '0');
INSERT INTO `ke_menu` VALUES ('93', '其他', '0', '5', 'other', '1', '', '', '0');
INSERT INTO `ke_menu` VALUES ('96', '新增', '75', '0', 'Menu/add', '0', '', '系统设置', '0');
INSERT INTO `ke_menu` VALUES ('98', '编辑', '75', '0', 'Menu/edit', '0', '', '', '0');
INSERT INTO `ke_menu` VALUES ('104', '下载管理', '102', '0', 'Think/lists?model=download', '0', '', '', '0');
INSERT INTO `ke_menu` VALUES ('105', '配置管理', '102', '0', 'Think/lists?model=config', '0', '', '', '0');
INSERT INTO `ke_menu` VALUES ('106', '行为日志', '16', '0', 'Action/actionlog', '0', '', '行为管理', '0');
INSERT INTO `ke_menu` VALUES ('108', '修改密码', '16', '0', 'User/updatePassword', '1', '', '', '0');
INSERT INTO `ke_menu` VALUES ('109', '修改昵称', '16', '0', 'User/updateNickname', '1', '', '', '0');
INSERT INTO `ke_menu` VALUES ('110', '查看行为日志', '106', '0', 'action/edit', '1', '', '', '0');
INSERT INTO `ke_menu` VALUES ('112', '新增数据', '58', '0', 'think/add', '1', '', '', '0');
INSERT INTO `ke_menu` VALUES ('113', '编辑数据', '58', '0', 'think/edit', '1', '', '', '0');
INSERT INTO `ke_menu` VALUES ('114', '导入', '75', '0', 'Menu/import', '0', '', '', '0');
INSERT INTO `ke_menu` VALUES ('115', '生成', '58', '0', 'Model/generate', '0', '', '', '0');
INSERT INTO `ke_menu` VALUES ('116', '新增钩子', '57', '0', 'Addons/addHook', '0', '', '', '0');
INSERT INTO `ke_menu` VALUES ('117', '编辑钩子', '57', '0', 'Addons/edithook', '0', '', '', '0');
INSERT INTO `ke_menu` VALUES ('118', '文档排序', '3', '0', 'Article/sort', '1', '', '', '0');
INSERT INTO `ke_menu` VALUES ('119', '排序', '70', '0', 'Config/sort', '1', '', '', '0');
INSERT INTO `ke_menu` VALUES ('120', '排序', '75', '0', 'Menu/sort', '1', '', '', '0');
INSERT INTO `ke_menu` VALUES ('121', '排序', '76', '0', 'Nav/sort', '1', '', '', '0');
INSERT INTO `ke_menu` VALUES ('131', '商品', '0', '1', 'Goods/index', '0', '', '商品', '0');
INSERT INTO `ke_menu` VALUES ('132', '商品列表', '131', '0', 'Goods/index', '0', '', '商品', '0');
INSERT INTO `ke_menu` VALUES ('137', '商品采集', '131', '0', 'Collect/index', '0', '', '采集', '0');
INSERT INTO `ke_menu` VALUES ('134', '添加商品', '131', '1', 'Goods/edit', '0', '', '商品', '0');
INSERT INTO `ke_menu` VALUES ('135', '分类列表', '131', '10', 'CategoryGoods/index', '0', '', '分类', '0');
INSERT INTO `ke_menu` VALUES ('139', '添加分类', '131', '0', 'CategoryGoods/add', '0', '', '分类', '0');
INSERT INTO `ke_menu` VALUES ('140', '采集到的商品', '131', '0', 'Collect/collectList', '0', '', '采集', '0');

-- ----------------------------
-- Table structure for `ke_model`
-- ----------------------------
DROP TABLE IF EXISTS `ke_model`;
CREATE TABLE `ke_model` (
  `id` int(10) unsigned NOT NULL AUTO_INCREMENT COMMENT '模型ID',
  `name` char(30) NOT NULL DEFAULT '' COMMENT '模型标识',
  `title` char(30) NOT NULL DEFAULT '' COMMENT '模型名称',
  `extend` int(10) unsigned NOT NULL DEFAULT '0' COMMENT '继承的模型',
  `relation` varchar(30) NOT NULL DEFAULT '' COMMENT '继承与被继承模型的关联字段',
  `need_pk` tinyint(1) unsigned NOT NULL DEFAULT '1' COMMENT '新建表时是否需要主键字段',
  `field_sort` text NOT NULL COMMENT '表单字段排序',
  `field_group` varchar(255) NOT NULL DEFAULT '1:基础' COMMENT '字段分组',
  `attribute_list` text NOT NULL COMMENT '属性列表（表的字段）',
  `template_list` varchar(100) NOT NULL DEFAULT '' COMMENT '列表模板',
  `template_add` varchar(100) NOT NULL DEFAULT '' COMMENT '新增模板',
  `template_edit` varchar(100) NOT NULL DEFAULT '' COMMENT '编辑模板',
  `list_grid` text NOT NULL COMMENT '列表定义',
  `list_row` smallint(2) unsigned NOT NULL DEFAULT '10' COMMENT '列表数据长度',
  `search_key` varchar(50) NOT NULL DEFAULT '' COMMENT '默认搜索字段',
  `search_list` varchar(255) NOT NULL DEFAULT '' COMMENT '高级搜索的字段',
  `create_time` int(10) unsigned NOT NULL DEFAULT '0' COMMENT '创建时间',
  `update_time` int(10) unsigned NOT NULL DEFAULT '0' COMMENT '更新时间',
  `status` tinyint(3) unsigned NOT NULL DEFAULT '0' COMMENT '状态',
  `engine_type` varchar(25) NOT NULL DEFAULT 'MyISAM' COMMENT '数据库引擎',
  PRIMARY KEY (`id`)
) ENGINE=MyISAM AUTO_INCREMENT=4 DEFAULT CHARSET=utf8 COMMENT='文档模型表';

-- ----------------------------
-- Records of ke_model
-- ----------------------------
INSERT INTO `ke_model` VALUES ('1', 'document', '基础文档', '0', '', '1', '{\"1\":[\"1\",\"2\",\"3\",\"4\",\"5\",\"6\",\"7\",\"8\",\"9\",\"10\",\"11\",\"12\",\"13\",\"14\",\"15\",\"16\",\"17\",\"18\",\"19\",\"20\",\"21\",\"22\"]}', '1:基础', '', '', '', '', 'id:编号\r\ntitle:标题:article/index?cate_id=[category_id]&pid=[id]\r\ntype|get_document_type:类型\r\nlevel:优先级\r\nupdate_time|time_format:最后更新\r\nstatus_text:状态\r\nview:浏览\r\nid:操作:[EDIT]&cate_id=[category_id]|编辑,article/setstatus?status=-1&ids=[id]|删除', '0', '', '', '1383891233', '1384507827', '1', 'MyISAM');
INSERT INTO `ke_model` VALUES ('2', 'article', '文章', '1', '', '1', '{\"1\":[\"3\",\"24\",\"2\",\"5\"],\"2\":[\"9\",\"13\",\"19\",\"10\",\"12\",\"16\",\"17\",\"26\",\"20\",\"14\",\"11\",\"25\"]}', '1:基础,2:扩展', '', '', '', '', 'id:编号\r\ntitle:标题:article/edit?cate_id=[category_id]&id=[id]\r\ncontent:内容', '0', '', '', '1383891243', '1387260622', '1', 'MyISAM');
INSERT INTO `ke_model` VALUES ('3', 'download', '下载', '1', '', '1', '{\"1\":[\"3\",\"28\",\"30\",\"32\",\"2\",\"5\",\"31\"],\"2\":[\"13\",\"10\",\"27\",\"9\",\"12\",\"16\",\"17\",\"19\",\"11\",\"20\",\"14\",\"29\"]}', '1:基础,2:扩展', '', '', '', '', 'id:编号\r\ntitle:标题', '0', '', '', '1383891252', '1387260449', '1', 'MyISAM');

-- ----------------------------
-- Table structure for `ke_nav`
-- ----------------------------
DROP TABLE IF EXISTS `ke_nav`;
CREATE TABLE `ke_nav` (
  `id` int(10) unsigned NOT NULL AUTO_INCREMENT COMMENT '频道ID',
  `pid` int(10) unsigned NOT NULL DEFAULT '0' COMMENT '上级频道ID',
  `title` char(30) NOT NULL COMMENT '频道标题',
  `url` char(100) NOT NULL COMMENT '频道连接',
  `sort` int(10) unsigned NOT NULL DEFAULT '0' COMMENT '导航排序',
  `create_time` int(10) unsigned NOT NULL DEFAULT '0' COMMENT '创建时间',
  `update_time` int(10) unsigned NOT NULL DEFAULT '0' COMMENT '更新时间',
  `status` tinyint(4) NOT NULL DEFAULT '0' COMMENT '状态',
  `target` tinyint(2) unsigned NOT NULL DEFAULT '0' COMMENT '新窗口打开',
  PRIMARY KEY (`id`),
  KEY `pid` (`pid`)
) ENGINE=MyISAM AUTO_INCREMENT=5 DEFAULT CHARSET=utf8;

-- ----------------------------
-- Records of ke_nav
-- ----------------------------
INSERT INTO `ke_nav` VALUES ('1', '0', '首页', 'Index/index', '0', '1379475111', '1438935730', '1', '0');
INSERT INTO `ke_nav` VALUES ('2', '0', '精品女装', 'Goods/cate?id=2', '2', '1379475131', '1438935627', '1', '0');
INSERT INTO `ke_nav` VALUES ('4', '0', '时尚男装', 'Goods/cate?id=1', '1', '1438935702', '1438935738', '1', '0');

-- ----------------------------
-- Table structure for `ke_picture`
-- ----------------------------
DROP TABLE IF EXISTS `ke_picture`;
CREATE TABLE `ke_picture` (
  `id` int(10) unsigned NOT NULL AUTO_INCREMENT COMMENT '主键id自增',
  `path` varchar(255) NOT NULL DEFAULT '' COMMENT '路径',
  `url` varchar(255) NOT NULL DEFAULT '' COMMENT '图片链接',
  `md5` char(32) NOT NULL DEFAULT '' COMMENT '文件md5',
  `sha1` char(40) NOT NULL DEFAULT '' COMMENT '文件 sha1编码',
  `status` tinyint(2) NOT NULL DEFAULT '0' COMMENT '状态',
  `create_time` int(10) unsigned NOT NULL DEFAULT '0' COMMENT '创建时间',
  PRIMARY KEY (`id`)
) ENGINE=MyISAM AUTO_INCREMENT=10 DEFAULT CHARSET=utf8;

-- ----------------------------
-- Records of ke_picture
-- ----------------------------

-- ----------------------------
-- Table structure for `ke_scheme_keyword`
-- ----------------------------
DROP TABLE IF EXISTS `ke_scheme_keyword`;
CREATE TABLE `ke_scheme_keyword` (
  `id` smallint(5) unsigned NOT NULL AUTO_INCREMENT,
  `keyword` varchar(255) NOT NULL,
  `oncenum` tinyint(3) unsigned NOT NULL DEFAULT '100',
  `sourcefrom` varchar(50) NOT NULL,
  `downimg` tinyint(1) unsigned NOT NULL DEFAULT '1',
  `ctime` int(10) NOT NULL,
  `totalnum` int(10) unsigned NOT NULL,
  PRIMARY KEY (`id`)
) ENGINE=MyISAM DEFAULT CHARSET=utf8;

-- ----------------------------
-- Records of ke_scheme_keyword
-- ----------------------------

-- ----------------------------
-- Table structure for `ke_topic`
-- ----------------------------
DROP TABLE IF EXISTS `ke_topic`;
CREATE TABLE `ke_topic` (
  `tid` int(10) unsigned NOT NULL AUTO_INCREMENT,
  `topic_name` varchar(50) NOT NULL DEFAULT '',
  `pic_url` varchar(255) NOT NULL DEFAULT '',
  `shop_conditions` text NOT NULL,
  `price_conditions` text NOT NULL,
  `state` tinyint(1) unsigned NOT NULL DEFAULT '0',
  `start_time` int(10) unsigned NOT NULL DEFAULT '0',
  `end_time` int(10) unsigned NOT NULL DEFAULT '0',
  `ctime` int(10) unsigned NOT NULL DEFAULT '0',
  `content` text NOT NULL,
  `num` int(5) unsigned NOT NULL DEFAULT '0',
  `order` mediumint(5) unsigned NOT NULL DEFAULT '0',
  PRIMARY KEY (`tid`)
) ENGINE=MyISAM DEFAULT CHARSET=utf8;

-- ----------------------------
-- Records of ke_topic
-- ----------------------------

-- ----------------------------
-- Table structure for `ke_ucenter_admin`
-- ----------------------------
DROP TABLE IF EXISTS `ke_ucenter_admin`;
CREATE TABLE `ke_ucenter_admin` (
  `id` int(10) unsigned NOT NULL AUTO_INCREMENT COMMENT '管理员ID',
  `member_id` int(10) unsigned NOT NULL DEFAULT '0' COMMENT '管理员用户ID',
  `status` tinyint(3) unsigned NOT NULL DEFAULT '0' COMMENT '管理员状态',
  PRIMARY KEY (`id`)
) ENGINE=MyISAM DEFAULT CHARSET=utf8 COMMENT='管理员表';

-- ----------------------------
-- Records of ke_ucenter_admin
-- ----------------------------

-- ----------------------------
-- Table structure for `ke_ucenter_app`
-- ----------------------------
DROP TABLE IF EXISTS `ke_ucenter_app`;
CREATE TABLE `ke_ucenter_app` (
  `id` int(10) unsigned NOT NULL AUTO_INCREMENT COMMENT '应用ID',
  `title` varchar(30) NOT NULL COMMENT '应用名称',
  `url` varchar(100) NOT NULL COMMENT '应用URL',
  `ip` char(15) NOT NULL COMMENT '应用IP',
  `auth_key` varchar(100) NOT NULL COMMENT '加密KEY',
  `sys_login` tinyint(1) unsigned NOT NULL DEFAULT '0' COMMENT '同步登陆',
  `allow_ip` varchar(255) NOT NULL COMMENT '允许访问的IP',
  `create_time` int(10) unsigned NOT NULL DEFAULT '0' COMMENT '创建时间',
  `update_time` int(10) unsigned NOT NULL DEFAULT '0' COMMENT '更新时间',
  `status` tinyint(4) NOT NULL DEFAULT '0' COMMENT '应用状态',
  PRIMARY KEY (`id`),
  KEY `status` (`status`)
) ENGINE=MyISAM DEFAULT CHARSET=utf8 COMMENT='应用表';

-- ----------------------------
-- Records of ke_ucenter_app
-- ----------------------------

-- ----------------------------
-- Table structure for `ke_ucenter_member`
-- ----------------------------
DROP TABLE IF EXISTS `ke_ucenter_member`;
CREATE TABLE `ke_ucenter_member` (
  `id` int(10) unsigned NOT NULL AUTO_INCREMENT COMMENT '用户ID',
  `username` char(16) NOT NULL COMMENT '用户名',
  `password` char(32) NOT NULL COMMENT '密码',
  `email` char(32) NOT NULL COMMENT '用户邮箱',
  `mobile` char(15) NOT NULL COMMENT '用户手机',
  `reg_time` int(10) unsigned NOT NULL DEFAULT '0' COMMENT '注册时间',
  `reg_ip` bigint(20) NOT NULL DEFAULT '0' COMMENT '注册IP',
  `last_login_time` int(10) unsigned NOT NULL DEFAULT '0' COMMENT '最后登录时间',
  `last_login_ip` bigint(20) NOT NULL DEFAULT '0' COMMENT '最后登录IP',
  `update_time` int(10) unsigned NOT NULL DEFAULT '0' COMMENT '更新时间',
  `status` tinyint(4) DEFAULT '0' COMMENT '用户状态',
  PRIMARY KEY (`id`),
  UNIQUE KEY `username` (`username`),
  UNIQUE KEY `email` (`email`),
  KEY `status` (`status`)
) ENGINE=MyISAM AUTO_INCREMENT=4 DEFAULT CHARSET=utf8 COMMENT='用户表';

-- ----------------------------
-- Records of ke_ucenter_member
-- ----------------------------

-- ----------------------------
-- Table structure for `ke_ucenter_setting`
-- ----------------------------
DROP TABLE IF EXISTS `ke_ucenter_setting`;
CREATE TABLE `ke_ucenter_setting` (
  `id` int(10) unsigned NOT NULL AUTO_INCREMENT COMMENT '设置ID',
  `type` tinyint(3) unsigned NOT NULL DEFAULT '0' COMMENT '配置类型（1-用户配置）',
  `value` text NOT NULL COMMENT '配置数据',
  PRIMARY KEY (`id`)
) ENGINE=MyISAM DEFAULT CHARSET=utf8 COMMENT='设置表';

-- ----------------------------
-- Records of ke_ucenter_setting
-- ----------------------------

-- ----------------------------
-- Table structure for `ke_url`
-- ----------------------------
DROP TABLE IF EXISTS `ke_url`;
CREATE TABLE `ke_url` (
  `id` int(11) unsigned NOT NULL AUTO_INCREMENT COMMENT '链接唯一标识',
  `url` char(255) NOT NULL DEFAULT '' COMMENT '链接地址',
  `short` char(100) NOT NULL DEFAULT '' COMMENT '短网址',
  `status` tinyint(2) NOT NULL DEFAULT '2' COMMENT '状态',
  `create_time` int(10) unsigned NOT NULL DEFAULT '0' COMMENT '创建时间',
  PRIMARY KEY (`id`),
  UNIQUE KEY `idx_url` (`url`)
) ENGINE=MyISAM DEFAULT CHARSET=utf8 COMMENT='链接表';

-- ----------------------------
-- Records of ke_url
-- ----------------------------

-- ----------------------------
-- Table structure for `ke_userdata`
-- ----------------------------
DROP TABLE IF EXISTS `ke_userdata`;
CREATE TABLE `ke_userdata` (
  `uid` int(10) unsigned NOT NULL COMMENT '用户id',
  `type` tinyint(3) unsigned NOT NULL COMMENT '类型标识',
  `target_id` int(10) unsigned NOT NULL COMMENT '目标id',
  UNIQUE KEY `uid` (`uid`,`type`,`target_id`)
) ENGINE=MyISAM DEFAULT CHARSET=utf8;

-- ----------------------------
-- Records of ke_userdata
-- ----------------------------
